<soapenv:Envelope xmlns:soapenv="http://schemas.xmlsoap.org/soap/envelope/" xmlns:rfl="http://www.rulefree.com/RfLoadDataSchema">
    <soapenv:Header />
    <soapenv:Body>
        <LoadLevelsOnlyRequest xmlns="http://www.rulefree.com/RfLoadDataSchema" xmlns:xsd="http://www.w3.org/2001/XMLSchema" xmlns:xsi="http://www.w3.org/2001/XMLSchema-instance" xsi:schemaLocation="http://www.rulefree.com/RfLoadDataSchema RfLoadDataSchema.xsd" reload="true" validateOnly="false">
            <id_system>133</id_system>
            <id_provider>0</id_provider>
            <levelOnlyArray>
                <levelOnly>
                    <id_level>301</id_level>
                    <subject>InterBotany</subject>
                    <subject_header>Intermediate Botany</subject_header>
                    <name><![CDATA[Botany First Year]]></name>
                    <display_name><![CDATA[Botany First Year]]></display_name>
                    <description><![CDATA[Botany preparation for EAMCET.  First Year syllabus.]]></description>
                    <published>true</published>
                    <derived>false</derived>
                    <topicOnlyArray>
                        <topicOnly>
                            <id_topic>1</id_topic>
                            <subject>InterBotany</subject>
                            <name>The living world</name>
                            <published>true</published>
                            <derived>false</derived>
                            <skillChoiceArray>
                                <skillChoiceType>
                                    <skillOnly>
                                        <id_skill>1</id_skill>
                                        <name>Topic Tests - The Living world</name>
                                        <description>Topic Tests - The Living world</description>
                                    </skillOnly>
                                </skillChoiceType>
                                <skillChoiceType>
                                    <coreSkillReference>
                                        <id_skill>2</id_skill>
                                        <id_skill_reference>10330100202</id_skill_reference>
                                    </coreSkillReference>
                                </skillChoiceType>
                                <skillChoiceType>
                                    <coreSkillReference>
                                        <id_skill>3</id_skill>
                                        <id_skill_reference>10330100203</id_skill_reference>
                                    </coreSkillReference>
                                </skillChoiceType>
                                <skillChoiceType>
                                    <coreSkillReference>
                                        <id_skill>4</id_skill>
                                        <id_skill_reference>10330100204</id_skill_reference>
                                    </coreSkillReference>
                                </skillChoiceType>
                                <skillChoiceType>
                                    <coreSkillReference>
                                        <id_skill>5</id_skill>
                                        <id_skill_reference>10330100205</id_skill_reference>
                                    </coreSkillReference>
                                </skillChoiceType>
                            </skillChoiceArray>
                        </topicOnly>
                        <topicOnly>
                            <id_topic>2</id_topic>
                            <subject>InterBotany</subject>
                            <name>Biological classification</name>
                            <published>true</published>
                            <derived>false</derived>
                            <skillChoiceArray>
                                <skillChoiceType>
                                    <skillOnly>
                                        <id_skill>1</id_skill>
                                        <name>Topic Tests - Biological Classification</name>
                                        <description>Topic Tests - Biological Classification</description>
                                    </skillOnly>
                                </skillChoiceType>
                                <skillChoiceType>
                                    <coreSkillReference>
                                        <id_skill>2</id_skill>
                                        <id_skill_reference>10330100302</id_skill_reference>
                                    </coreSkillReference>
                                </skillChoiceType>
                                <skillChoiceType>
                                    <coreSkillReference>
                                        <id_skill>3</id_skill>
                                        <id_skill_reference>10330100303</id_skill_reference>
                                    </coreSkillReference>
                                </skillChoiceType>
                                <skillChoiceType>
                                    <coreSkillReference>
                                        <id_skill>4</id_skill>
                                        <id_skill_reference>10330100304</id_skill_reference>
                                    </coreSkillReference>
                                </skillChoiceType>
                            </skillChoiceArray>
                        </topicOnly>
                        <topicOnly>
                            <id_topic>3</id_topic>
                            <subject>InterBotany</subject>
                            <name>Science of plants: Botany</name>
                            <published>true</published>
                            <derived>false</derived>
                            <skillChoiceArray>
                                <skillChoiceType>
                                    <skillOnly>
                                        <id_skill>1</id_skill>
                                        <name>Topic Tests - Science of plants: Botany</name>
                                        <description>Topic Tests - Science of plants: Botany</description>
                                    </skillOnly>
                                </skillChoiceType>
                                <skillChoiceType>
                                    <coreSkillReference>
                                        <id_skill>2</id_skill>
                                        <id_skill_reference>10330100402</id_skill_reference>
                                    </coreSkillReference>
                                </skillChoiceType>
                                <skillChoiceType>
                                    <coreSkillReference>
                                        <id_skill>3</id_skill>
                                        <id_skill_reference>10330100403</id_skill_reference>
                                    </coreSkillReference>
                                </skillChoiceType>
                            </skillChoiceArray>
                        </topicOnly>
                        <topicOnly>
                            <id_topic>4</id_topic>
                            <subject>InterBotany</subject>
                            <name>Plant kingdom</name>
                            <published>true</published>
                            <derived>false</derived>
                            <skillChoiceArray>
                                <skillChoiceType>
                                    <skillOnly>
                                        <id_skill>1</id_skill>
                                        <name>Topic Tests - Plant kingdom</name>
                                        <description>Topic Tests - Plant kingdom</description>
                                    </skillOnly>
                                </skillChoiceType>
                                <skillChoiceType>
                                    <coreSkillReference>
                                        <id_skill>2</id_skill>
                                        <id_skill_reference>10330100502</id_skill_reference>
                                    </coreSkillReference>
                                </skillChoiceType>
                                <skillChoiceType>
                                    <coreSkillReference>
                                        <id_skill>3</id_skill>
                                        <id_skill_reference>10330100503</id_skill_reference>
                                    </coreSkillReference>
                                </skillChoiceType>
                                <skillChoiceType>
                                    <coreSkillReference>
                                        <id_skill>4</id_skill>
                                        <id_skill_reference>10330100504</id_skill_reference>
                                    </coreSkillReference>
                                </skillChoiceType>
                            </skillChoiceArray>
                        </topicOnly>
                        <topicOnly>
                            <id_topic>5</id_topic>
                            <subject>InterBotany</subject>
                            <name>Morphology of flowering plants</name>
                            <published>true</published>
                            <derived>false</derived>
                            <skillChoiceArray>
                                <skillChoiceType>
                                    <skillOnly>
                                        <id_skill>1</id_skill>
                                        <name>Topic Tests - Morphology of flowering plants</name>
                                        <description>Topic Tests - Morphology of flowering plants</description>
                                    </skillOnly>
                                </skillChoiceType>
                                <skillChoiceType>
                                    <coreSkillReference>
                                        <id_skill>2</id_skill>
                                        <id_skill_reference>10330100602</id_skill_reference>
                                    </coreSkillReference>
                                </skillChoiceType>
                                <skillChoiceType>
                                    <coreSkillReference>
                                        <id_skill>3</id_skill>
                                        <id_skill_reference>10330100603</id_skill_reference>
                                    </coreSkillReference>
                                </skillChoiceType>
                                <skillChoiceType>
                                    <coreSkillReference>
                                        <id_skill>4</id_skill>
                                        <id_skill_reference>10330100604</id_skill_reference>
                                    </coreSkillReference>
                                </skillChoiceType>
                            </skillChoiceArray>
                        </topicOnly>
                        <topicOnly>
                            <id_topic>6</id_topic>
                            <subject>InterBotany</subject>
                            <name>Modes of reproduction</name>
                            <published>true</published>
                            <derived>false</derived>
                            <skillChoiceArray>
                                <skillChoiceType>
                                    <skillOnly>
                                        <id_skill>1</id_skill>
                                        <name>Topic Tests - Modes of reproduction</name>
                                        <description>Topic Tests - Modes of reproduction</description>
                                    </skillOnly>
                                </skillChoiceType>
                                <skillChoiceType>
                                    <coreSkillReference>
                                        <id_skill>2</id_skill>
                                        <id_skill_reference>10330100702</id_skill_reference>
                                    </coreSkillReference>
                                </skillChoiceType>
                                <skillChoiceType>
                                    <coreSkillReference>
                                        <id_skill>3</id_skill>
                                        <id_skill_reference>10330100703</id_skill_reference>
                                    </coreSkillReference>
                                </skillChoiceType>
                                <skillChoiceType>
                                    <coreSkillReference>
                                        <id_skill>4</id_skill>
                                        <id_skill_reference>10330100704</id_skill_reference>
                                    </coreSkillReference>
                                </skillChoiceType>
                            </skillChoiceArray>
                        </topicOnly>
                        <topicOnly>
                            <id_topic>7</id_topic>
                            <subject>InterBotany</subject>
                            <name>Sexual reproduction in flowering plants</name>
                            <published>true</published>
                            <derived>false</derived>
                            <skillChoiceArray>
                                <skillChoiceType>
                                    <skillOnly>
                                        <id_skill>1</id_skill>
                                        <name>Topic Tests - Sexual reproduction in flowering plants</name>
                                        <description>Topic Tests - Sexual reproduction in flowering plants</description>
                                    </skillOnly>
                                </skillChoiceType>
                                <skillChoiceType>
                                    <coreSkillReference>
                                        <id_skill>2</id_skill>
                                        <id_skill_reference>10330100802</id_skill_reference>
                                    </coreSkillReference>
                                </skillChoiceType>
                                <skillChoiceType>
                                    <coreSkillReference>
                                        <id_skill>3</id_skill>
                                        <id_skill_reference>10330100803</id_skill_reference>
                                    </coreSkillReference>
                                </skillChoiceType>
                                <skillChoiceType>
                                    <coreSkillReference>
                                        <id_skill>4</id_skill>
                                        <id_skill_reference>10330100804</id_skill_reference>
                                    </coreSkillReference>
                                </skillChoiceType>
                                <skillChoiceType>
                                    <coreSkillReference>
                                        <id_skill>5</id_skill>
                                        <id_skill_reference>10330100805</id_skill_reference>
                                    </coreSkillReference>
                                </skillChoiceType>
                            </skillChoiceArray>
                        </topicOnly>
                        <topicOnly>
                            <id_topic>8</id_topic>
                            <subject>InterBotany</subject>
                            <name>Taxanomy of Angiosperms</name>
                            <published>true</published>
                            <derived>false</derived>
                            <skillChoiceArray>
                                <skillChoiceType>
                                    <skillOnly>
                                        <id_skill>1</id_skill>
                                        <name>Topic Tests - Taxanomy of Angiosperms</name>
                                        <description>Topic Tests - Taxanomy of Angiosperms</description>
                                    </skillOnly>
                                </skillChoiceType>
                                <skillChoiceType>
                                    <coreSkillReference>
                                        <id_skill>2</id_skill>
                                        <id_skill_reference>10330100902</id_skill_reference>
                                    </coreSkillReference>
                                </skillChoiceType>
                                <skillChoiceType>
                                    <coreSkillReference>
                                        <id_skill>3</id_skill>
                                        <id_skill_reference>10330100903</id_skill_reference>
                                    </coreSkillReference>
                                </skillChoiceType>
                            </skillChoiceArray>
                        </topicOnly>
                        <topicOnly>
                            <id_topic>9</id_topic>
                            <subject>InterBotany</subject>
                            <name>Unit of life</name>
                            <published>true</published>
                            <derived>false</derived>
                            <skillChoiceArray>
                                <skillChoiceType>
                                    <skillOnly>
                                        <id_skill>1</id_skill>
                                        <name>Topic Tests - Unit of life</name>
                                        <description>Topic Tests - Unit of life</description>
                                    </skillOnly>
                                </skillChoiceType>
                                <skillChoiceType>
                                    <coreSkillReference>
                                        <id_skill>2</id_skill>
                                        <id_skill_reference>10330101002</id_skill_reference>
                                    </coreSkillReference>
                                </skillChoiceType>
                                <skillChoiceType>
                                    <coreSkillReference>
                                        <id_skill>3</id_skill>
                                        <id_skill_reference>10330101003</id_skill_reference>
                                    </coreSkillReference>
                                </skillChoiceType>
                            </skillChoiceArray>
                        </topicOnly>
                        <topicOnly>
                            <id_topic>10</id_topic>
                            <subject>InterBotany</subject>
                            <name>Biomoleuly</name>
                            <published>true</published>
                            <derived>false</derived>
                            <skillChoiceArray>
                                <skillChoiceType>
                                    <skillOnly>
                                        <id_skill>1</id_skill>
                                        <name>Topic Tests - Biomoleuly</name>
                                        <description>Topic Tests - Biomoleuly</description>
                                    </skillOnly>
                                </skillChoiceType>
                                <skillChoiceType>
                                    <coreSkillReference>
                                        <id_skill>2</id_skill>
                                        <id_skill_reference>10330101102</id_skill_reference>
                                    </coreSkillReference>
                                </skillChoiceType>
                                <skillChoiceType>
                                    <coreSkillReference>
                                        <id_skill>3</id_skill>
                                        <id_skill_reference>10330101103</id_skill_reference>
                                    </coreSkillReference>
                                </skillChoiceType>
                                <skillChoiceType>
                                    <coreSkillReference>
                                        <id_skill>4</id_skill>
                                        <id_skill_reference>10330101104</id_skill_reference>
                                    </coreSkillReference>
                                </skillChoiceType>
                                <skillChoiceType>
                                    <coreSkillReference>
                                        <id_skill>5</id_skill>
                                        <id_skill_reference>10330101105</id_skill_reference>
                                    </coreSkillReference>
                                </skillChoiceType>
                            </skillChoiceArray>
                        </topicOnly>
                        <topicOnly>
                            <id_topic>11</id_topic>
                            <subject>InterBotany</subject>
                            <name>Cell cycle and cell division</name>
                            <published>true</published>
                            <derived>false</derived>
                            <skillChoiceArray>
                                <skillChoiceType>
                                    <skillOnly>
                                        <id_skill>1</id_skill>
                                        <name>Topic Tests - Cell cycle and cell division</name>
                                        <description>Topic Tests - Cell cycle and cell division</description>
                                    </skillOnly>
                                </skillChoiceType>
                                <skillChoiceType>
                                    <coreSkillReference>
                                        <id_skill>2</id_skill>
                                        <id_skill_reference>10330101202</id_skill_reference>
                                    </coreSkillReference>
                                </skillChoiceType>
                                <skillChoiceType>
                                    <coreSkillReference>
                                        <id_skill>3</id_skill>
                                        <id_skill_reference>10330101203</id_skill_reference>
                                    </coreSkillReference>
                                </skillChoiceType>
                            </skillChoiceArray>
                        </topicOnly>
                        <topicOnly>
                            <id_topic>12</id_topic>
                            <subject>InterBotany</subject>
                            <name>Histology and Anatomy</name>
                            <published>true</published>
                            <derived>false</derived>
                            <skillChoiceArray>
                                <skillChoiceType>
                                    <skillOnly>
                                        <id_skill>1</id_skill>
                                        <name>Topic Tests - Histology and Anatomy</name>
                                        <description>Topic Tests - Histology and Anatomy</description>
                                    </skillOnly>
                                </skillChoiceType>
                                <skillChoiceType>
                                    <coreSkillReference>
                                        <id_skill>2</id_skill>
                                        <id_skill_reference>10330101302</id_skill_reference>
                                    </coreSkillReference>
                                </skillChoiceType>
                                <skillChoiceType>
                                    <coreSkillReference>
                                        <id_skill>3</id_skill>
                                        <id_skill_reference>10330101303</id_skill_reference>
                                    </coreSkillReference>
                                </skillChoiceType>
                                <skillChoiceType>
                                    <coreSkillReference>
                                        <id_skill>4</id_skill>
                                        <id_skill_reference>10330101304</id_skill_reference>
                                    </coreSkillReference>
                                </skillChoiceType>
                                <skillChoiceType>
                                    <coreSkillReference>
                                        <id_skill>5</id_skill>
                                        <id_skill_reference>10330101305</id_skill_reference>
                                    </coreSkillReference>
                                </skillChoiceType>
                            </skillChoiceArray>
                        </topicOnly>
                        <topicOnly>
                            <id_topic>13</id_topic>
                            <subject>InterBotany</subject>
                            <name>Plant Ecology</name>
                            <published>true</published>
                            <derived>false</derived>
                            <skillChoiceArray>
                                <skillChoiceType>
                                    <skillOnly>
                                        <id_skill>1</id_skill>
                                        <name>Topic Tests - Plant Ecology</name>
                                        <description>Topic Tests - Plant Ecology</description>
                                    </skillOnly>
                                </skillChoiceType>
                                <skillChoiceType>
                                    <coreSkillReference>
                                        <id_skill>2</id_skill>
                                        <id_skill_reference>10330101402</id_skill_reference>
                                    </coreSkillReference>
                                </skillChoiceType>
                                <skillChoiceType>
                                    <coreSkillReference>
                                        <id_skill>3</id_skill>
                                        <id_skill_reference>10330101403</id_skill_reference>
                                    </coreSkillReference>
                                </skillChoiceType>
                            </skillChoiceArray>
                        </topicOnly>
                    </topicOnlyArray>
                </levelOnly>
                <levelOnly>
                    <id_level>302</id_level>
                    <subject>InterBotany</subject>
                    <subject_header>Intermediate Botany</subject_header>
                    <name><![CDATA[Botany Second Year]]></name>
                    <display_name><![CDATA[Botany Second Year]]></display_name>
                    <description><![CDATA[Botany preparation for EAMCET.  Second Year syllabus.]]></description>
                    <published>true</published>
                    <derived>false</derived>
                    <topicOnlyArray>
                        <topicOnly>
                            <id_topic>1</id_topic>
                            <subject>InterBotany</subject>
                            <name>Transport in plants</name>
                            <published>true</published>
                            <derived>false</derived>
                            <skillChoiceArray>
                                <skillChoiceType>
                                    <skillOnly>
                                        <id_skill>1</id_skill>
                                        <name>Topic Tests - Transport in plants</name>
                                        <description>Topic Tests - Transport in plants</description>
                                    </skillOnly>
                                </skillChoiceType>
                                <skillChoiceType>
                                    <coreSkillReference>
                                        <id_skill>2</id_skill>
                                        <id_skill_reference>10330200202</id_skill_reference>
                                    </coreSkillReference>
                                </skillChoiceType>
                                <skillChoiceType>
                                    <coreSkillReference>
                                        <id_skill>3</id_skill>
                                        <id_skill_reference>10330200203</id_skill_reference>
                                    </coreSkillReference>
                                </skillChoiceType>
                                <skillChoiceType>
                                    <coreSkillReference>
                                        <id_skill>4</id_skill>
                                        <id_skill_reference>10330200204</id_skill_reference>
                                    </coreSkillReference>
                                </skillChoiceType>
                                <skillChoiceType>
                                    <coreSkillReference>
                                        <id_skill>5</id_skill>
                                        <id_skill_reference>10330200205</id_skill_reference>
                                    </coreSkillReference>
                                </skillChoiceType>
                                <skillChoiceType>
                                    <coreSkillReference>
                                        <id_skill>6</id_skill>
                                        <id_skill_reference>10330200206</id_skill_reference>
                                    </coreSkillReference>
                                </skillChoiceType>
                            </skillChoiceArray>
                        </topicOnly>
                        <topicOnly>
                            <id_topic>2</id_topic>
                            <subject>InterBotany</subject>
                            <name>Mineral Nutrition</name>
                            <published>true</published>
                            <derived>false</derived>
                            <skillChoiceArray>
                                <skillChoiceType>
                                    <skillOnly>
                                        <id_skill>1</id_skill>
                                        <name>Topic Tests - Mineral Nutrition</name>
                                        <description>Topic Tests - Mineral Nutrition</description>
                                    </skillOnly>
                                </skillChoiceType>
                                <skillChoiceType>
                                    <coreSkillReference>
                                        <id_skill>2</id_skill>
                                        <id_skill_reference>10330200302</id_skill_reference>
                                    </coreSkillReference>
                                </skillChoiceType>
                                <skillChoiceType>
                                    <coreSkillReference>
                                        <id_skill>3</id_skill>
                                        <id_skill_reference>10330200303</id_skill_reference>
                                    </coreSkillReference>
                                </skillChoiceType>
                                <skillChoiceType>
                                    <coreSkillReference>
                                        <id_skill>4</id_skill>
                                        <id_skill_reference>10330200304</id_skill_reference>
                                    </coreSkillReference>
                                </skillChoiceType>
                            </skillChoiceArray>
                        </topicOnly>
                        <topicOnly>
                            <id_topic>3</id_topic>
                            <subject>InterBotany</subject>
                            <name>Enzymes</name>
                            <published>true</published>
                            <derived>false</derived>
                            <skillChoiceArray>
                                <skillChoiceType>
                                    <skillOnly>
                                        <id_skill>1</id_skill>
                                        <name>Topic Tests - Enzymes</name>
                                        <description>Topic Tests - Enzymes</description>
                                    </skillOnly>
                                </skillChoiceType>
                                <skillChoiceType>
                                    <coreSkillReference>
                                        <id_skill>2</id_skill>
                                        <id_skill_reference>10330200402</id_skill_reference>
                                    </coreSkillReference>
                                </skillChoiceType>
                                <skillChoiceType>
                                    <coreSkillReference>
                                        <id_skill>3</id_skill>
                                        <id_skill_reference>10330200403</id_skill_reference>
                                    </coreSkillReference>
                                </skillChoiceType>
                            </skillChoiceArray>
                        </topicOnly>
                        <topicOnly>
                            <id_topic>4</id_topic>
                            <subject>InterBotany</subject>
                            <name>Photosynthesis</name>
                            <published>true</published>
                            <derived>false</derived>
                            <skillChoiceArray>
                                <skillChoiceType>
                                    <skillOnly>
                                        <id_skill>1</id_skill>
                                        <name>Topic Tests - Photosynthesis</name>
                                        <description>Topic Tests - Photosynthesis</description>
                                    </skillOnly>
                                </skillChoiceType>
                                <skillChoiceType>
                                    <coreSkillReference>
                                        <id_skill>2</id_skill>
                                        <id_skill_reference>10330200502</id_skill_reference>
                                    </coreSkillReference>
                                </skillChoiceType>
                                <skillChoiceType>
                                    <coreSkillReference>
                                        <id_skill>3</id_skill>
                                        <id_skill_reference>10330200503</id_skill_reference>
                                    </coreSkillReference>
                                </skillChoiceType>
                                <skillChoiceType>
                                    <coreSkillReference>
                                        <id_skill>4</id_skill>
                                        <id_skill_reference>10330200504</id_skill_reference>
                                    </coreSkillReference>
                                </skillChoiceType>
                                <skillChoiceType>
                                    <coreSkillReference>
                                        <id_skill>5</id_skill>
                                        <id_skill_reference>10330200505</id_skill_reference>
                                    </coreSkillReference>
                                </skillChoiceType>
                            </skillChoiceArray>
                        </topicOnly>
                        <topicOnly>
                            <id_topic>5</id_topic>
                            <subject>InterBotany</subject>
                            <name>Respiration</name>
                            <published>true</published>
                            <derived>false</derived>
                            <skillChoiceArray>
                                <skillChoiceType>
                                    <skillOnly>
                                        <id_skill>1</id_skill>
                                        <name>Topic Tests - Respiration</name>
                                        <description>Topic Tests - Respiration</description>
                                    </skillOnly>
                                </skillChoiceType>
                                <skillChoiceType>
                                    <coreSkillReference>
                                        <id_skill>2</id_skill>
                                        <id_skill_reference>10330200602</id_skill_reference>
                                    </coreSkillReference>
                                </skillChoiceType>
                                <skillChoiceType>
                                    <coreSkillReference>
                                        <id_skill>3</id_skill>
                                        <id_skill_reference>10330200603</id_skill_reference>
                                    </coreSkillReference>
                                </skillChoiceType>
                                <skillChoiceType>
                                    <coreSkillReference>
                                        <id_skill>4</id_skill>
                                        <id_skill_reference>10330200604</id_skill_reference>
                                    </coreSkillReference>
                                </skillChoiceType>
                                <skillChoiceType>
                                    <coreSkillReference>
                                        <id_skill>5</id_skill>
                                        <id_skill_reference>10330200605</id_skill_reference>
                                    </coreSkillReference>
                                </skillChoiceType>
                            </skillChoiceArray>
                        </topicOnly>
                        <topicOnly>
                            <id_topic>6</id_topic>
                            <subject>InterBotany</subject>
                            <name>Plant growth and development</name>
                            <published>true</published>
                            <derived>false</derived>
                            <skillChoiceArray>
                                <skillChoiceType>
                                    <skillOnly>
                                        <id_skill>1</id_skill>
                                        <name>Topic Tests - Plant growth and development</name>
                                        <description>Topic Tests - Plant growth and development</description>
                                    </skillOnly>
                                </skillChoiceType>
                                <skillChoiceType>
                                    <coreSkillReference>
                                        <id_skill>2</id_skill>
                                        <id_skill_reference>10330200702</id_skill_reference>
                                    </coreSkillReference>
                                </skillChoiceType>
                                <skillChoiceType>
                                    <coreSkillReference>
                                        <id_skill>3</id_skill>
                                        <id_skill_reference>10330200703</id_skill_reference>
                                    </coreSkillReference>
                                </skillChoiceType>
                                <skillChoiceType>
                                    <coreSkillReference>
                                        <id_skill>4</id_skill>
                                        <id_skill_reference>10330200704</id_skill_reference>
                                    </coreSkillReference>
                                </skillChoiceType>
                                <skillChoiceType>
                                    <coreSkillReference>
                                        <id_skill>5</id_skill>
                                        <id_skill_reference>10330200705</id_skill_reference>
                                    </coreSkillReference>
                                </skillChoiceType>
                            </skillChoiceArray>
                        </topicOnly>
                        <topicOnly>
                            <id_topic>7</id_topic>
                            <subject>InterBotany</subject>
                            <name>Bacteria</name>
                            <published>true</published>
                            <derived>false</derived>
                            <skillChoiceArray>
                                <skillChoiceType>
                                    <skillOnly>
                                        <id_skill>1</id_skill>
                                        <name>Topic Tests - Bacteria</name>
                                        <description>Topic Tests - Bacteria</description>
                                    </skillOnly>
                                </skillChoiceType>
                                <skillChoiceType>
                                    <coreSkillReference>
                                        <id_skill>2</id_skill>
                                        <id_skill_reference>10330200802</id_skill_reference>
                                    </coreSkillReference>
                                </skillChoiceType>
                                <skillChoiceType>
                                    <coreSkillReference>
                                        <id_skill>3</id_skill>
                                        <id_skill_reference>10330200803</id_skill_reference>
                                    </coreSkillReference>
                                </skillChoiceType>
                            </skillChoiceArray>
                        </topicOnly>
                        <topicOnly>
                            <id_topic>8</id_topic>
                            <subject>InterBotany</subject>
                            <name>Viruses</name>
                            <published>true</published>
                            <derived>false</derived>
                            <skillChoiceArray>
                                <skillChoiceType>
                                    <skillOnly>
                                        <id_skill>1</id_skill>
                                        <name>Topic Tests - Viruses</name>
                                        <description>Topic Tests - Viruses</description>
                                    </skillOnly>
                                </skillChoiceType>
                                <skillChoiceType>
                                    <coreSkillReference>
                                        <id_skill>2</id_skill>
                                        <id_skill_reference>10330200902</id_skill_reference>
                                    </coreSkillReference>
                                </skillChoiceType>
                                <skillChoiceType>
                                    <coreSkillReference>
                                        <id_skill>3</id_skill>
                                        <id_skill_reference>10330200903</id_skill_reference>
                                    </coreSkillReference>
                                </skillChoiceType>
                            </skillChoiceArray>
                        </topicOnly>
                        <topicOnly>
                            <id_topic>9</id_topic>
                            <subject>InterBotany</subject>
                            <name>Priniciples of inheritance and variation</name>
                            <published>true</published>
                            <derived>false</derived>
                            <skillChoiceArray>
                                <skillChoiceType>
                                    <skillOnly>
                                        <id_skill>1</id_skill>
                                        <name>Topic Tests - Priniciples of inheritance and variation</name>
                                        <description>Topic Tests - Priniciples of inheritance and variation</description>
                                    </skillOnly>
                                </skillChoiceType>
                                <skillChoiceType>
                                    <coreSkillReference>
                                        <id_skill>2</id_skill>
                                        <id_skill_reference>10330201002</id_skill_reference>
                                    </coreSkillReference>
                                </skillChoiceType>
                                <skillChoiceType>
                                    <coreSkillReference>
                                        <id_skill>3</id_skill>
                                        <id_skill_reference>10330201003</id_skill_reference>
                                    </coreSkillReference>
                                </skillChoiceType>
                                <skillChoiceType>
                                    <coreSkillReference>
                                        <id_skill>4</id_skill>
                                        <id_skill_reference>10330201004</id_skill_reference>
                                    </coreSkillReference>
                                </skillChoiceType>
                                <skillChoiceType>
                                    <coreSkillReference>
                                        <id_skill>5</id_skill>
                                        <id_skill_reference>10330201005</id_skill_reference>
                                    </coreSkillReference>
                                </skillChoiceType>
                            </skillChoiceArray>
                        </topicOnly>
                        <topicOnly>
                            <id_topic>10</id_topic>
                            <subject>InterBotany</subject>
                            <name>Molecular basics of inheritance</name>
                            <published>true</published>
                            <derived>false</derived>
                            <skillChoiceArray>
                                <skillChoiceType>
                                    <skillOnly>
                                        <id_skill>1</id_skill>
                                        <name>Topic Tests - Molecular basics of inheritance</name>
                                        <description>Topic Tests - Molecular basics of inheritance</description>
                                    </skillOnly>
                                </skillChoiceType>
                                <skillChoiceType>
                                    <coreSkillReference>
                                        <id_skill>2</id_skill>
                                        <id_skill_reference>10330201102</id_skill_reference>
                                    </coreSkillReference>
                                </skillChoiceType>
                                <skillChoiceType>
                                    <coreSkillReference>
                                        <id_skill>3</id_skill>
                                        <id_skill_reference>10330201103</id_skill_reference>
                                    </coreSkillReference>
                                </skillChoiceType>
                                <skillChoiceType>
                                    <coreSkillReference>
                                        <id_skill>4</id_skill>
                                        <id_skill_reference>10330201104</id_skill_reference>
                                    </coreSkillReference>
                                </skillChoiceType>
                                <skillChoiceType>
                                    <coreSkillReference>
                                        <id_skill>5</id_skill>
                                        <id_skill_reference>10330201105</id_skill_reference>
                                    </coreSkillReference>
                                </skillChoiceType>
                                <skillChoiceType>
                                    <coreSkillReference>
                                        <id_skill>6</id_skill>
                                        <id_skill_reference>10330201106</id_skill_reference>
                                    </coreSkillReference>
                                </skillChoiceType>
                                <skillChoiceType>
                                    <coreSkillReference>
                                        <id_skill>7</id_skill>
                                        <id_skill_reference>10330201107</id_skill_reference>
                                    </coreSkillReference>
                                </skillChoiceType>
                            </skillChoiceArray>
                        </topicOnly>
                        <topicOnly>
                            <id_topic>11</id_topic>
                            <subject>InterBotany</subject>
                            <name>Biotechnology principles and processes</name>
                            <published>true</published>
                            <derived>false</derived>
                            <skillChoiceArray>
                                <skillChoiceType>
                                    <skillOnly>
                                        <id_skill>1</id_skill>
                                        <name>Topic Tests - Biotechnology principles and processes</name>
                                        <description>Topic Tests - Biotechnology principles and processes</description>
                                    </skillOnly>
                                </skillChoiceType>
                                <skillChoiceType>
                                    <coreSkillReference>
                                        <id_skill>2</id_skill>
                                        <id_skill_reference>10330201202</id_skill_reference>
                                    </coreSkillReference>
                                </skillChoiceType>
                                <skillChoiceType>
                                    <coreSkillReference>
                                        <id_skill>3</id_skill>
                                        <id_skill_reference>10330201203</id_skill_reference>
                                    </coreSkillReference>
                                </skillChoiceType>
                            </skillChoiceArray>
                        </topicOnly>
                        <topicOnly>
                            <id_topic>12</id_topic>
                            <subject>InterBotany</subject>
                            <name>Applications of Biotechnology</name>
                            <published>true</published>
                            <derived>false</derived>
                            <skillChoiceArray>
                                <skillChoiceType>
                                    <skillOnly>
                                        <id_skill>1</id_skill>
                                        <name>Topic Tests - Applications of Biotechnology</name>
                                        <description>Topic Tests - Applications of Biotechnology</description>
                                    </skillOnly>
                                </skillChoiceType>
                                <skillChoiceType>
                                    <coreSkillReference>
                                        <id_skill>2</id_skill>
                                        <id_skill_reference>10330201302</id_skill_reference>
                                    </coreSkillReference>
                                </skillChoiceType>
                                <skillChoiceType>
                                    <coreSkillReference>
                                        <id_skill>3</id_skill>
                                        <id_skill_reference>10330201303</id_skill_reference>
                                    </coreSkillReference>
                                </skillChoiceType>
                            </skillChoiceArray>
                        </topicOnly>
                        <topicOnly>
                            <id_topic>13</id_topic>
                            <subject>InterBotany</subject>
                            <name>Strategies for enhancement in food production</name>
                            <published>true</published>
                            <derived>false</derived>
                            <skillChoiceArray>
                                <skillChoiceType>
                                    <skillOnly>
                                        <id_skill>1</id_skill>
                                        <name>Topic Tests - Strategies for enhancement in food production</name>
                                        <description>Topic Tests - Strategies for enhancement in food production</description>
                                    </skillOnly>
                                </skillChoiceType>
                                <skillChoiceType>
                                    <coreSkillReference>
                                        <id_skill>2</id_skill>
                                        <id_skill_reference>10330201402</id_skill_reference>
                                    </coreSkillReference>
                                </skillChoiceType>
                                <skillChoiceType>
                                    <coreSkillReference>
                                        <id_skill>3</id_skill>
                                        <id_skill_reference>10330201403</id_skill_reference>
                                    </coreSkillReference>
                                </skillChoiceType>
                            </skillChoiceArray>
                        </topicOnly>
                        <topicOnly>
                            <id_topic>14</id_topic>
                            <subject>InterBotany</subject>
                            <name>Microbes in human welfare</name>
                            <published>true</published>
                            <derived>false</derived>
                            <skillChoiceArray>
                                <skillChoiceType>
                                    <skillOnly>
                                        <id_skill>1</id_skill>
                                        <name>Topic Tests - Microbes in human welfare</name>
                                        <description>Topic Tests - Microbes in human welfare</description>
                                    </skillOnly>
                                </skillChoiceType>
                                <skillChoiceType>
                                    <coreSkillReference>
                                        <id_skill>2</id_skill>
                                        <id_skill_reference>10330201502</id_skill_reference>
                                    </coreSkillReference>
                                </skillChoiceType>
                                <skillChoiceType>
                                    <coreSkillReference>
                                        <id_skill>3</id_skill>
                                        <id_skill_reference>10330201503</id_skill_reference>
                                    </coreSkillReference>
                                </skillChoiceType>
                            </skillChoiceArray>
                        </topicOnly>
                    </topicOnlyArray>
                </levelOnly>
                <levelOnly>
                    <id_level>310</id_level>
                    <subject>InterBotany</subject>
                    <subject_header>Intermediate Botany</subject_header>
                    <name>Mock Exams</name>
                    <display_name>Mock Exams</display_name>
                    <description>Botany Mock Exams for EAMCET</description>
                    <published>true</published>
                    <derived>false</derived>
                    <topicOnlyArray>
                          <topicOnly>
                             <id_topic>1</id_topic>
                             <subject>InterChemistry</subject>
                             <name>eTester EAMCET Botany Practice Exams</name>
                             <published>true</published>
                             <derived>false</derived>
                             <skillChoiceArray>
                                <skillChoiceType>
                                   <skillOnly>
                                      <id_skill>1</id_skill>
                                      <name>eTester EAMCET Botany Practice Exams</name>
                                      <description>eTester EAMCET Botany Practice Exams</description>
                                   </skillOnly>
                                </skillChoiceType>
                             </skillChoiceArray>
                          </topicOnly>
                          <topicOnly>
                             <id_topic>2</id_topic>
                             <subject>InterChemistry</subject>
                             <name>3rd Party EAMCET Botany Practice Exams</name>
                             <published>true</published>
                             <derived>false</derived>
                             <skillChoiceArray>
                                <skillChoiceType>
                                   <skillOnly>
                                      <id_skill>1</id_skill>
                                      <name>The Elite classes</name>
                                      <description>The Elite classes</description>
                                   </skillOnly>
                                </skillChoiceType>
                             </skillChoiceArray>
                          </topicOnly>
                        <topicOnly>
                            <id_topic>3</id_topic>
                            <subject>InterBotany</subject>
                            <name>Core Botany Practice Exams</name>
                            <published>true</published>
                            <derived>false</derived>
                            <skillChoiceArray>
                                <skillChoiceType>
                                    <coreSkillReference>
                                        <id_skill>1</id_skill>
                                        <id_skill_reference>10330300101</id_skill_reference>
                                    </coreSkillReference>
                                </skillChoiceType>
                                <skillChoiceType>
                                    <coreSkillReference>
                                        <id_skill>2</id_skill>
                                        <id_skill_reference>10330300102</id_skill_reference>
                                    </coreSkillReference>
                                </skillChoiceType>
                            </skillChoiceArray>
                        </topicOnly>
                    </topicOnlyArray>
                </levelOnly>
            </levelOnlyArray>
        </LoadLevelsOnlyRequest>
    </soapenv:Body>
</soapenv:Envelope>