<soapenv:Envelope xmlns:soapenv="http://schemas.xmlsoap.org/soap/envelope/" xmlns:rfl="http://www.rulefree.com/RfLoadDataSchema">
   <soapenv:Header />
   <soapenv:Body>
      <LoadLevelsOnlyRequest xmlns="http://www.rulefree.com/RfLoadDataSchema" xmlns:xsd="http://www.w3.org/2001/XMLSchema" xmlns:xsi="http://www.w3.org/2001/XMLSchema-instance" xsi:schemaLocation="http://www.rulefree.com/RfLoadDataSchema RfLoadDataSchema.xsd" reload="true" validateOnly="false">
         <id_system>133</id_system>
         <id_provider>0</id_provider>
         <levelOnlyArray>
            <levelOnly>
               <id_level>501</id_level>
               <subject>InterMath</subject>
               <subject_header>Intermediate Mathematics</subject_header>
               <name>Mathematics First Year I-A</name>
               <display_name>Mathematics First Year I-A</display_name>
               <description>Mathematics EAMCET/IIT - Maths First Year I-A</description>
               <published>true</published>
               <derived>false</derived>
               <topicOnlyArray>
                  <topicOnly>
                     <id_topic>1</id_topic>
                     <subject>InterMath</subject>
                     <name>Functions</name>
                     <published>true</published>
                     <derived>false</derived>
                     <skillChoiceArray>
                        <skillChoiceType>
                           <skillOnly>
                              <id_skill>1</id_skill>
                              <name>Topic Tests - Functions</name>
                              <description>Topic Tests - Functions</description>
                           </skillOnly>
                        </skillChoiceType>
                        <skillChoiceType>
                           <coreSkillReference>
                              <id_skill>2</id_skill>
                              <id_skill_reference>10350100202</id_skill_reference>
                           </coreSkillReference>
                        </skillChoiceType>
                        <skillChoiceType>
                           <coreSkillReference>
                              <id_skill>3</id_skill>
                              <id_skill_reference>10350100203</id_skill_reference>
                           </coreSkillReference>
                        </skillChoiceType>
                     </skillChoiceArray>
                  </topicOnly>
                  <topicOnly>
                     <id_topic>2</id_topic>
                     <subject>InterMath</subject>
                     <name>Mathematical Induction</name>
                     <published>true</published>
                     <derived>false</derived>
                     <skillChoiceArray>
                        <skillChoiceType>
                           <skillOnly>
                              <id_skill>1</id_skill>
                              <name>Topic Tests - Mathematical Induction</name>
                              <description>Topic Tests - Mathematical Induction</description>
                           </skillOnly>
                        </skillChoiceType>
                        <skillChoiceType>
                           <coreSkillReference>
                              <id_skill>2</id_skill>
                              <id_skill_reference>10350100302</id_skill_reference>
                           </coreSkillReference>
                        </skillChoiceType>
                     </skillChoiceArray>
                  </topicOnly>
                  <topicOnly>
                     <id_topic>3</id_topic>
                     <subject>InterMath</subject>
                     <name>Matrices</name>
                     <published>true</published>
                     <derived>false</derived>
                     <skillChoiceArray>
                        <skillChoiceType>
                           <skillOnly>
                              <id_skill>1</id_skill>
                              <name>Topic Tests - Matrices</name>
                              <description>Topic Tests - Matrices</description>
                           </skillOnly>
                        </skillChoiceType>
                        <skillChoiceType>
                           <coreSkillReference>
                              <id_skill>2</id_skill>
                              <id_skill_reference>10350100402</id_skill_reference>
                           </coreSkillReference>
                        </skillChoiceType>
                     </skillChoiceArray>
                  </topicOnly>
                  <topicOnly>
                     <id_topic>4</id_topic>
                     <subject>InterMath</subject>
                     <name>Properties of Vectors</name>
                     <published>true</published>
                     <derived>false</derived>
                     <skillChoiceArray>
                        <skillChoiceType>
                           <skillOnly>
                              <id_skill>1</id_skill>
                              <name>Topic Tests - Properties of Vectors</name>
                              <description>Topic Tests - Properties of Vectors</description>
                           </skillOnly>
                        </skillChoiceType>
                        <skillChoiceType>
                           <coreSkillReference>
                              <id_skill>2</id_skill>
                              <id_skill_reference>10350100502</id_skill_reference>
                           </coreSkillReference>
                        </skillChoiceType>
                        <skillChoiceType>
                           <coreSkillReference>
                              <id_skill>3</id_skill>
                              <id_skill_reference>10350100503</id_skill_reference>
                           </coreSkillReference>
                        </skillChoiceType>
                     </skillChoiceArray>
                  </topicOnly>
                  <topicOnly>
                     <id_topic>5</id_topic>
                     <subject>InterMath</subject>
                     <name>DOT product of two vectors</name>
                     <published>true</published>
                     <derived>false</derived>
                     <skillChoiceArray>
                        <skillChoiceType>
                           <skillOnly>
                              <id_skill>1</id_skill>
                              <name>Topic Tests - DOT product of two vectors</name>
                              <description>Topic Tests - DOT product of two vectors</description>
                           </skillOnly>
                        </skillChoiceType>
                        <skillChoiceType>
                           <coreSkillReference>
                              <id_skill>2</id_skill>
                              <id_skill_reference>10350100602</id_skill_reference>
                           </coreSkillReference>
                        </skillChoiceType>
                        <skillChoiceType>
                           <coreSkillReference>
                              <id_skill>3</id_skill>
                              <id_skill_reference>10350100603</id_skill_reference>
                           </coreSkillReference>
                        </skillChoiceType>
                     </skillChoiceArray>
                  </topicOnly>
                  <topicOnly>
                     <id_topic>6</id_topic>
                     <subject>InterMath</subject>
                     <name>Vector cross product of two vectors</name>
                     <published>true</published>
                     <derived>false</derived>
                     <skillChoiceArray>
                        <skillChoiceType>
                           <skillOnly>
                              <id_skill>1</id_skill>
                              <name>Topic Tests - Vector cross product of two vectors</name>
                              <description>Topic Tests - Vector cross product of two vectors</description>
                           </skillOnly>
                        </skillChoiceType>
                        <skillChoiceType>
                           <coreSkillReference>
                              <id_skill>2</id_skill>
                              <id_skill_reference>10350100702</id_skill_reference>
                           </coreSkillReference>
                        </skillChoiceType>
                     </skillChoiceArray>
                  </topicOnly>
                  <topicOnly>
                     <id_topic>7</id_topic>
                     <subject>InterMath</subject>
                     <name>Multiple product of two vectors</name>
                     <published>true</published>
                     <derived>false</derived>
                     <skillChoiceArray>
                        <skillChoiceType>
                           <skillOnly>
                              <id_skill>1</id_skill>
                              <name>Topic Tests - Multiple product of two vectors</name>
                              <description>Topic Tests - Multiple product of two vectors</description>
                           </skillOnly>
                        </skillChoiceType>
                        <skillChoiceType>
                           <coreSkillReference>
                              <id_skill>2</id_skill>
                              <id_skill_reference>10350100802</id_skill_reference>
                           </coreSkillReference>
                        </skillChoiceType>
                        <skillChoiceType>
                           <coreSkillReference>
                              <id_skill>3</id_skill>
                              <id_skill_reference>10350100803</id_skill_reference>
                           </coreSkillReference>
                        </skillChoiceType>
                        <skillChoiceType>
                           <coreSkillReference>
                              <id_skill>4</id_skill>
                              <id_skill_reference>10350100804</id_skill_reference>
                           </coreSkillReference>
                        </skillChoiceType>
                        <skillChoiceType>
                           <coreSkillReference>
                              <id_skill>5</id_skill>
                              <id_skill_reference>10350100805</id_skill_reference>
                           </coreSkillReference>
                        </skillChoiceType>
                     </skillChoiceArray>
                  </topicOnly>
                  <topicOnly>
                     <id_topic>8</id_topic>
                     <subject>InterMath</subject>
                     <name>Trigonometric ratios</name>
                     <published>true</published>
                     <derived>false</derived>
                     <skillChoiceArray>
                        <skillChoiceType>
                           <skillOnly>
                              <id_skill>1</id_skill>
                              <name>Topic Tests - Trigonometric ratios</name>
                              <description>Topic Tests - Trigonometric ratios</description>
                           </skillOnly>
                        </skillChoiceType>
                        <skillChoiceType>
                           <coreSkillReference>
                              <id_skill>2</id_skill>
                              <id_skill_reference>10350100902</id_skill_reference>
                           </coreSkillReference>
                        </skillChoiceType>
                     </skillChoiceArray>
                  </topicOnly>
                  <topicOnly>
                     <id_topic>9</id_topic>
                     <subject>InterMath</subject>
                     <name>Compound angles</name>
                     <published>true</published>
                     <derived>false</derived>
                     <skillChoiceArray>
                        <skillChoiceType>
                           <skillOnly>
                              <id_skill>1</id_skill>
                              <name>Topic Tests - Compound angles</name>
                              <description>Topic Tests - Compound angles</description>
                           </skillOnly>
                        </skillChoiceType>
                        <skillChoiceType>
                           <coreSkillReference>
                              <id_skill>2</id_skill>
                              <id_skill_reference>10350101002</id_skill_reference>
                           </coreSkillReference>
                        </skillChoiceType>
                     </skillChoiceArray>
                  </topicOnly>
                  <topicOnly>
                     <id_topic>10</id_topic>
                     <subject>InterMath</subject>
                     <name>Multiple and sub multiple angles</name>
                     <published>true</published>
                     <derived>false</derived>
                     <skillChoiceArray>
                        <skillChoiceType>
                           <skillOnly>
                              <id_skill>1</id_skill>
                              <name>Topic Tests - Multiple and sub multiple angles</name>
                              <description>Topic Tests - Multiple and sub multiple angles</description>
                           </skillOnly>
                        </skillChoiceType>
                        <skillChoiceType>
                           <coreSkillReference>
                              <id_skill>2</id_skill>
                              <id_skill_reference>10350101102</id_skill_reference>
                           </coreSkillReference>
                        </skillChoiceType>
                     </skillChoiceArray>
                  </topicOnly>
                  <topicOnly>
                     <id_topic>11</id_topic>
                     <subject>InterMath</subject>
                     <name>Transformation and identities</name>
                     <published>true</published>
                     <derived>false</derived>
                     <skillChoiceArray>
                        <skillChoiceType>
                           <skillOnly>
                              <id_skill>1</id_skill>
                              <name>Topic Tests - Transformation and identities</name>
                              <description>Topic Tests - Transformation and identities</description>
                           </skillOnly>
                        </skillChoiceType>
                        <skillChoiceType>
                           <coreSkillReference>
                              <id_skill>2</id_skill>
                              <id_skill_reference>10350101202</id_skill_reference>
                           </coreSkillReference>
                        </skillChoiceType>
                     </skillChoiceArray>
                  </topicOnly>
                  <topicOnly>
                     <id_topic>12</id_topic>
                     <subject>InterMath</subject>
                     <name>Periodicity, extreme values and graphs</name>
                     <published>true</published>
                     <derived>false</derived>
                     <skillChoiceArray>
                        <skillChoiceType>
                           <skillOnly>
                              <id_skill>1</id_skill>
                              <name>Topic Tests - Periodicity, extreme values and graphs</name>
                              <description>Topic Tests - Periodicity, extreme values and graphs</description>
                           </skillOnly>
                        </skillChoiceType>
                        <skillChoiceType>
                           <coreSkillReference>
                              <id_skill>2</id_skill>
                              <id_skill_reference>10350101302</id_skill_reference>
                           </coreSkillReference>
                        </skillChoiceType>
                     </skillChoiceArray>
                  </topicOnly>
                  <topicOnly>
                     <id_topic>13</id_topic>
                     <subject>InterMath</subject>
                     <name>Trigonometric equations</name>
                     <published>true</published>
                     <derived>false</derived>
                     <skillChoiceArray>
                        <skillChoiceType>
                           <skillOnly>
                              <id_skill>1</id_skill>
                              <name>Topic Tests - Trigonometric equations</name>
                              <description>Topic Tests - Trigonometric equations</description>
                           </skillOnly>
                        </skillChoiceType>
                        <skillChoiceType>
                           <coreSkillReference>
                              <id_skill>2</id_skill>
                              <id_skill_reference>10350101402</id_skill_reference>
                           </coreSkillReference>
                        </skillChoiceType>
                     </skillChoiceArray>
                  </topicOnly>
                  <topicOnly>
                     <id_topic>14</id_topic>
                     <subject>InterMath</subject>
                     <name>Inverse Trigonometric Functions</name>
                     <published>true</published>
                     <derived>false</derived>
                     <skillChoiceArray>
                        <skillChoiceType>
                           <skillOnly>
                              <id_skill>1</id_skill>
                              <name>Topic Tests - Inverse Trigonometric Functions</name>
                              <description>Topic Tests - Inverse Trigonometric Functions</description>
                           </skillOnly>
                        </skillChoiceType>
                        <skillChoiceType>
                           <coreSkillReference>
                              <id_skill>2</id_skill>
                              <id_skill_reference>10350101502</id_skill_reference>
                           </coreSkillReference>
                        </skillChoiceType>
                     </skillChoiceArray>
                  </topicOnly>
                  <topicOnly>
                     <id_topic>15</id_topic>
                     <subject>InterMath</subject>
                     <name>Hyperbolic Functions</name>
                     <published>true</published>
                     <derived>false</derived>
                     <skillChoiceArray>
                        <skillChoiceType>
                           <skillOnly>
                              <id_skill>1</id_skill>
                              <name>Topic Tests - Hyperbolic Functions</name>
                              <description>Topic Tests - Hyperbolic Functions</description>
                           </skillOnly>
                        </skillChoiceType>
                        <skillChoiceType>
                           <coreSkillReference>
                              <id_skill>2</id_skill>
                              <id_skill_reference>10350101602</id_skill_reference>
                           </coreSkillReference>
                        </skillChoiceType>
                     </skillChoiceArray>
                  </topicOnly>
                  <topicOnly>
                     <id_topic>16</id_topic>
                     <subject>InterMath</subject>
                     <name>Properties of triangles</name>
                     <published>true</published>
                     <derived>false</derived>
                     <skillChoiceArray>
                        <skillChoiceType>
                           <skillOnly>
                              <id_skill>1</id_skill>
                              <name>Topic Tests - Properties of triangles</name>
                              <description>Topic Tests - Properties of triangles</description>
                           </skillOnly>
                        </skillChoiceType>
                        <skillChoiceType>
                           <coreSkillReference>
                              <id_skill>2</id_skill>
                              <id_skill_reference>10350101702</id_skill_reference>
                           </coreSkillReference>
                        </skillChoiceType>
                        <skillChoiceType>
                           <coreSkillReference>
                              <id_skill>3</id_skill>
                              <id_skill_reference>10350101703</id_skill_reference>
                           </coreSkillReference>
                        </skillChoiceType>
                        <skillChoiceType>
                           <coreSkillReference>
                              <id_skill>4</id_skill>
                              <id_skill_reference>10350101704</id_skill_reference>
                           </coreSkillReference>
                        </skillChoiceType>
                        <skillChoiceType>
                           <coreSkillReference>
                              <id_skill>5</id_skill>
                              <id_skill_reference>10350101705</id_skill_reference>
                           </coreSkillReference>
                        </skillChoiceType>
                     </skillChoiceArray>
                  </topicOnly>
               </topicOnlyArray>
            </levelOnly>
            <levelOnly>
               <id_level>502</id_level>
               <subject>InterMath</subject>
               <subject_header>Intermediate Mathematics</subject_header>
               <name>Mathematics First Year I-B</name>
               <display_name>Mathematics First Year I-B</display_name>
               <description>Mathematics EAMCET/IIT - Maths First Year I-B</description>
               <published>true</published>
               <derived>false</derived>
               <topicOnlyArray>
                  <topicOnly>
                     <id_topic>1</id_topic>
                     <subject>InterMath</subject>
                     <name>Co-ordinate system</name>
                     <published>true</published>
                     <derived>false</derived>
                     <skillChoiceArray>
                        <skillChoiceType>
                           <skillOnly>
                              <id_skill>1</id_skill>
                              <name>Topic Tests - Co-ordinate system</name>
                              <description>Topic Tests - Co-ordinate system</description>
                           </skillOnly>
                        </skillChoiceType>
                        <skillChoiceType>
                           <coreSkillReference>
                              <id_skill>2</id_skill>
                              <id_skill_reference>10350200202</id_skill_reference>
                           </coreSkillReference>
                        </skillChoiceType>
                        <skillChoiceType>
                           <coreSkillReference>
                              <id_skill>3</id_skill>
                              <id_skill_reference>10350200203</id_skill_reference>
                           </coreSkillReference>
                        </skillChoiceType>
                        <skillChoiceType>
                           <coreSkillReference>
                              <id_skill>4</id_skill>
                              <id_skill_reference>10350200204</id_skill_reference>
                           </coreSkillReference>
                        </skillChoiceType>
                        <skillChoiceType>
                           <coreSkillReference>
                              <id_skill>5</id_skill>
                              <id_skill_reference>10350200205</id_skill_reference>
                           </coreSkillReference>
                        </skillChoiceType>
                     </skillChoiceArray>
                  </topicOnly>
                  <topicOnly>
                     <id_topic>2</id_topic>
                     <subject>InterMath</subject>
                     <name>Change of axes</name>
                     <published>true</published>
                     <derived>false</derived>
                     <skillChoiceArray>
                        <skillChoiceType>
                           <skillOnly>
                              <id_skill>1</id_skill>
                              <name>Topic Tests - Change of axes</name>
                              <description>Topic Tests - Change of axes</description>
                           </skillOnly>
                        </skillChoiceType>
                        <skillChoiceType>
                           <coreSkillReference>
                              <id_skill>2</id_skill>
                              <id_skill_reference>10350200302</id_skill_reference>
                           </coreSkillReference>
                        </skillChoiceType>
                        <skillChoiceType>
                           <coreSkillReference>
                              <id_skill>3</id_skill>
                              <id_skill_reference>10350200303</id_skill_reference>
                           </coreSkillReference>
                        </skillChoiceType>
                     </skillChoiceArray>
                  </topicOnly>
                  <topicOnly>
                     <id_topic>3</id_topic>
                     <subject>InterMath</subject>
                     <name>Straight lines</name>
                     <published>true</published>
                     <derived>false</derived>
                     <skillChoiceArray>
                        <skillChoiceType>
                           <skillOnly>
                              <id_skill>1</id_skill>
                              <name>Topic Tests - Straight lines</name>
                              <description>Topic Tests - Straight lines</description>
                           </skillOnly>
                        </skillChoiceType>
                        <skillChoiceType>
                           <coreSkillReference>
                              <id_skill>2</id_skill>
                              <id_skill_reference>10350200402</id_skill_reference>
                           </coreSkillReference>
                        </skillChoiceType>
                        <skillChoiceType>
                           <coreSkillReference>
                              <id_skill>3</id_skill>
                              <id_skill_reference>10350200403</id_skill_reference>
                           </coreSkillReference>
                        </skillChoiceType>
                        <skillChoiceType>
                           <coreSkillReference>
                              <id_skill>4</id_skill>
                              <id_skill_reference>10350200404</id_skill_reference>
                           </coreSkillReference>
                        </skillChoiceType>
                        <skillChoiceType>
                           <coreSkillReference>
                              <id_skill>5</id_skill>
                              <id_skill_reference>10350200405</id_skill_reference>
                           </coreSkillReference>
                        </skillChoiceType>
                        <skillChoiceType>
                           <coreSkillReference>
                              <id_skill>6</id_skill>
                              <id_skill_reference>10350200406</id_skill_reference>
                           </coreSkillReference>
                        </skillChoiceType>
                        <skillChoiceType>
                           <coreSkillReference>
                              <id_skill>7</id_skill>
                              <id_skill_reference>10350200407</id_skill_reference>
                           </coreSkillReference>
                        </skillChoiceType>
                        <skillChoiceType>
                           <coreSkillReference>
                              <id_skill>8</id_skill>
                              <id_skill_reference>10350200408</id_skill_reference>
                           </coreSkillReference>
                        </skillChoiceType>
                     </skillChoiceArray>
                  </topicOnly>
                  <topicOnly>
                     <id_topic>4</id_topic>
                     <subject>InterMath</subject>
                     <name>Pair of straight lines</name>
                     <published>true</published>
                     <derived>false</derived>
                     <skillChoiceArray>
                        <skillChoiceType>
                           <skillOnly>
                              <id_skill>1</id_skill>
                              <name>Topic Tests - Pair of straight lines</name>
                              <description>Topic Tests - Pair of straight lines</description>
                           </skillOnly>
                        </skillChoiceType>
                        <skillChoiceType>
                           <coreSkillReference>
                              <id_skill>2</id_skill>
                              <id_skill_reference>10350200502</id_skill_reference>
                           </coreSkillReference>
                        </skillChoiceType>
                        <skillChoiceType>
                           <coreSkillReference>
                              <id_skill>3</id_skill>
                              <id_skill_reference>10350200503</id_skill_reference>
                           </coreSkillReference>
                        </skillChoiceType>
                        <skillChoiceType>
                           <coreSkillReference>
                              <id_skill>4</id_skill>
                              <id_skill_reference>10350200504</id_skill_reference>
                           </coreSkillReference>
                        </skillChoiceType>
                        <skillChoiceType>
                           <coreSkillReference>
                              <id_skill>5</id_skill>
                              <id_skill_reference>10350200505</id_skill_reference>
                           </coreSkillReference>
                        </skillChoiceType>
                        <skillChoiceType>
                           <coreSkillReference>
                              <id_skill>6</id_skill>
                              <id_skill_reference>10350200506</id_skill_reference>
                           </coreSkillReference>
                        </skillChoiceType>
                        <skillChoiceType>
                           <coreSkillReference>
                              <id_skill>7</id_skill>
                              <id_skill_reference>10350200507</id_skill_reference>
                           </coreSkillReference>
                        </skillChoiceType>
                        <skillChoiceType>
                           <coreSkillReference>
                              <id_skill>8</id_skill>
                              <id_skill_reference>10350200508</id_skill_reference>
                           </coreSkillReference>
                        </skillChoiceType>
                        <skillChoiceType>
                           <coreSkillReference>
                              <id_skill>9</id_skill>
                              <id_skill_reference>10350200509</id_skill_reference>
                           </coreSkillReference>
                        </skillChoiceType>
                     </skillChoiceArray>
                  </topicOnly>
                  <topicOnly>
                     <id_topic>5</id_topic>
                     <subject>InterMath</subject>
                     <name>3D Co-ordinate system</name>
                     <published>true</published>
                     <derived>false</derived>
                     <skillChoiceArray>
                        <skillChoiceType>
                           <skillOnly>
                              <id_skill>1</id_skill>
                              <name>Topic Tests - 3D Co-ordinate system</name>
                              <description>Topic Tests - 3D Co-ordinate system</description>
                           </skillOnly>
                        </skillChoiceType>
                        <skillChoiceType>
                           <coreSkillReference>
                              <id_skill>2</id_skill>
                              <id_skill_reference>10350200602</id_skill_reference>
                           </coreSkillReference>
                        </skillChoiceType>
                        <skillChoiceType>
                           <coreSkillReference>
                              <id_skill>3</id_skill>
                              <id_skill_reference>10350200603</id_skill_reference>
                           </coreSkillReference>
                        </skillChoiceType>
                        <skillChoiceType>
                           <coreSkillReference>
                              <id_skill>4</id_skill>
                              <id_skill_reference>10350200604</id_skill_reference>
                           </coreSkillReference>
                        </skillChoiceType>
                        <skillChoiceType>
                           <coreSkillReference>
                              <id_skill>5</id_skill>
                              <id_skill_reference>10350200605</id_skill_reference>
                           </coreSkillReference>
                        </skillChoiceType>
                        <skillChoiceType>
                           <coreSkillReference>
                              <id_skill>6</id_skill>
                              <id_skill_reference>10350200606</id_skill_reference>
                           </coreSkillReference>
                        </skillChoiceType>
                     </skillChoiceArray>
                  </topicOnly>
                  <topicOnly>
                     <id_topic>6</id_topic>
                     <subject>InterMath</subject>
                     <name>Direction cosines and ratios</name>
                     <published>true</published>
                     <derived>false</derived>
                     <skillChoiceArray>
                        <skillChoiceType>
                           <skillOnly>
                              <id_skill>1</id_skill>
                              <name>Topic Tests - Direction cosines and ratios</name>
                              <description>Topic Tests - Direction cosines and ratios</description>
                           </skillOnly>
                        </skillChoiceType>
                        <skillChoiceType>
                           <coreSkillReference>
                              <id_skill>2</id_skill>
                              <id_skill_reference>10350200702</id_skill_reference>
                           </coreSkillReference>
                        </skillChoiceType>
                        <skillChoiceType>
                           <coreSkillReference>
                              <id_skill>3</id_skill>
                              <id_skill_reference>10350200703</id_skill_reference>
                           </coreSkillReference>
                        </skillChoiceType>
                        <skillChoiceType>
                           <coreSkillReference>
                              <id_skill>4</id_skill>
                              <id_skill_reference>10350200704</id_skill_reference>
                           </coreSkillReference>
                        </skillChoiceType>
                        <skillChoiceType>
                           <coreSkillReference>
                              <id_skill>5</id_skill>
                              <id_skill_reference>10350200705</id_skill_reference>
                           </coreSkillReference>
                        </skillChoiceType>
                        <skillChoiceType>
                           <coreSkillReference>
                              <id_skill>6</id_skill>
                              <id_skill_reference>10350200706</id_skill_reference>
                           </coreSkillReference>
                        </skillChoiceType>
                     </skillChoiceArray>
                  </topicOnly>
                  <topicOnly>
                     <id_topic>7</id_topic>
                     <subject>InterMath</subject>
                     <name>Planes</name>
                     <published>true</published>
                     <derived>false</derived>
                     <skillChoiceArray>
                        <skillChoiceType>
                           <skillOnly>
                              <id_skill>1</id_skill>
                              <name>Topic Tests - Planes</name>
                              <description>Topic Tests - Planes</description>
                           </skillOnly>
                        </skillChoiceType>
                        <skillChoiceType>
                           <coreSkillReference>
                              <id_skill>2</id_skill>
                              <id_skill_reference>10350200802</id_skill_reference>
                           </coreSkillReference>
                        </skillChoiceType>
                        <skillChoiceType>
                           <coreSkillReference>
                              <id_skill>3</id_skill>
                              <id_skill_reference>10350200803</id_skill_reference>
                           </coreSkillReference>
                        </skillChoiceType>
                        <skillChoiceType>
                           <coreSkillReference>
                              <id_skill>4</id_skill>
                              <id_skill_reference>10350200804</id_skill_reference>
                           </coreSkillReference>
                        </skillChoiceType>
                     </skillChoiceArray>
                  </topicOnly>
                  <topicOnly>
                     <id_topic>8</id_topic>
                     <subject>InterMath</subject>
                     <name>Limits</name>
                     <published>true</published>
                     <derived>false</derived>
                     <skillChoiceArray>
                        <skillChoiceType>
                           <skillOnly>
                              <id_skill>1</id_skill>
                              <name>Topic Tests - Limits</name>
                              <description>Topic Tests - Limits</description>
                           </skillOnly>
                        </skillChoiceType>
                        <skillChoiceType>
                           <coreSkillReference>
                              <id_skill>2</id_skill>
                              <id_skill_reference>10350200902</id_skill_reference>
                           </coreSkillReference>
                        </skillChoiceType>
                        <skillChoiceType>
                           <coreSkillReference>
                              <id_skill>3</id_skill>
                              <id_skill_reference>10350200903</id_skill_reference>
                           </coreSkillReference>
                        </skillChoiceType>
                        <skillChoiceType>
                           <coreSkillReference>
                              <id_skill>4</id_skill>
                              <id_skill_reference>10350200904</id_skill_reference>
                           </coreSkillReference>
                        </skillChoiceType>
                        <skillChoiceType>
                           <coreSkillReference>
                              <id_skill>5</id_skill>
                              <id_skill_reference>10350200905</id_skill_reference>
                           </coreSkillReference>
                        </skillChoiceType>
                        <skillChoiceType>
                           <coreSkillReference>
                              <id_skill>6</id_skill>
                              <id_skill_reference>10350200906</id_skill_reference>
                           </coreSkillReference>
                        </skillChoiceType>
                        <skillChoiceType>
                           <coreSkillReference>
                              <id_skill>7</id_skill>
                              <id_skill_reference>10350200907</id_skill_reference>
                           </coreSkillReference>
                        </skillChoiceType>
                     </skillChoiceArray>
                  </topicOnly>
                  <topicOnly>
                     <id_topic>9</id_topic>
                     <subject>InterMath</subject>
                     <name>Continuity</name>
                     <published>true</published>
                     <derived>false</derived>
                     <skillChoiceArray>
                        <skillChoiceType>
                           <skillOnly>
                              <id_skill>1</id_skill>
                              <name>Topic Tests - Continuity</name>
                              <description>Topic Tests - Continuity</description>
                           </skillOnly>
                        </skillChoiceType>
                        <skillChoiceType>
                           <coreSkillReference>
                              <id_skill>2</id_skill>
                              <id_skill_reference>10350201002</id_skill_reference>
                           </coreSkillReference>
                        </skillChoiceType>
                        <skillChoiceType>
                           <coreSkillReference>
                              <id_skill>3</id_skill>
                              <id_skill_reference>10350201003</id_skill_reference>
                           </coreSkillReference>
                        </skillChoiceType>
                     </skillChoiceArray>
                  </topicOnly>
                  <topicOnly>
                     <id_topic>10</id_topic>
                     <subject>InterMath</subject>
                     <name>Differentiation</name>
                     <published>true</published>
                     <derived>false</derived>
                     <skillChoiceArray>
                        <skillChoiceType>
                           <skillOnly>
                              <id_skill>1</id_skill>
                              <name>Topic Tests - Differentiation</name>
                              <description>Topic Tests - Differentiation</description>
                           </skillOnly>
                        </skillChoiceType>
                        <skillChoiceType>
                           <coreSkillReference>
                              <id_skill>2</id_skill>
                              <id_skill_reference>10350201102</id_skill_reference>
                           </coreSkillReference>
                        </skillChoiceType>
                        <skillChoiceType>
                           <coreSkillReference>
                              <id_skill>3</id_skill>
                              <id_skill_reference>10350201103</id_skill_reference>
                           </coreSkillReference>
                        </skillChoiceType>
                        <skillChoiceType>
                           <coreSkillReference>
                              <id_skill>4</id_skill>
                              <id_skill_reference>10350201104</id_skill_reference>
                           </coreSkillReference>
                        </skillChoiceType>
                        <skillChoiceType>
                           <coreSkillReference>
                              <id_skill>5</id_skill>
                              <id_skill_reference>10350201105</id_skill_reference>
                           </coreSkillReference>
                        </skillChoiceType>
                        <skillChoiceType>
                           <coreSkillReference>
                              <id_skill>6</id_skill>
                              <id_skill_reference>10350201106</id_skill_reference>
                           </coreSkillReference>
                        </skillChoiceType>
                        <skillChoiceType>
                           <coreSkillReference>
                              <id_skill>7</id_skill>
                              <id_skill_reference>10350201107</id_skill_reference>
                           </coreSkillReference>
                        </skillChoiceType>
                        <skillChoiceType>
                           <coreSkillReference>
                              <id_skill>8</id_skill>
                              <id_skill_reference>10350201108</id_skill_reference>
                           </coreSkillReference>
                        </skillChoiceType>
                     </skillChoiceArray>
                  </topicOnly>
                  <topicOnly>
                     <id_topic>11</id_topic>
                     <subject>InterMath</subject>
                     <name>Errors and approximations</name>
                     <published>true</published>
                     <derived>false</derived>
                     <skillChoiceArray>
                        <skillChoiceType>
                           <skillOnly>
                              <id_skill>1</id_skill>
                              <name>Topic Tests - Errors and approximations</name>
                              <description>Topic Tests - Errors and approximations</description>
                           </skillOnly>
                        </skillChoiceType>
                        <skillChoiceType>
                           <coreSkillReference>
                              <id_skill>2</id_skill>
                              <id_skill_reference>10350201202</id_skill_reference>
                           </coreSkillReference>
                        </skillChoiceType>
                        <skillChoiceType>
                           <coreSkillReference>
                              <id_skill>3</id_skill>
                              <id_skill_reference>10350201203</id_skill_reference>
                           </coreSkillReference>
                        </skillChoiceType>
                        <skillChoiceType>
                           <coreSkillReference>
                              <id_skill>4</id_skill>
                              <id_skill_reference>10350201204</id_skill_reference>
                           </coreSkillReference>
                        </skillChoiceType>
                     </skillChoiceArray>
                  </topicOnly>
                  <topicOnly>
                     <id_topic>12</id_topic>
                     <subject>InterMath</subject>
                     <name>Rate of change</name>
                     <published>true</published>
                     <derived>false</derived>
                     <skillChoiceArray>
                        <skillChoiceType>
                           <skillOnly>
                              <id_skill>1</id_skill>
                              <name>Topic Tests - Rate of change</name>
                              <description>Topic Tests - Rate of change</description>
                           </skillOnly>
                        </skillChoiceType>
                        <skillChoiceType>
                           <coreSkillReference>
                              <id_skill>2</id_skill>
                              <id_skill_reference>10350201302</id_skill_reference>
                           </coreSkillReference>
                        </skillChoiceType>
                        <skillChoiceType>
                           <coreSkillReference>
                              <id_skill>3</id_skill>
                              <id_skill_reference>10350201303</id_skill_reference>
                           </coreSkillReference>
                        </skillChoiceType>
                     </skillChoiceArray>
                  </topicOnly>
                  <topicOnly>
                     <id_topic>13</id_topic>
                     <subject>InterMath</subject>
                     <name>Tangent and Normals</name>
                     <published>true</published>
                     <derived>false</derived>
                     <skillChoiceArray>
                        <skillChoiceType>
                           <skillOnly>
                              <id_skill>1</id_skill>
                              <name>Topic Tests - Tangent and Normals</name>
                              <description>Topic Tests - Tangent and Normals</description>
                           </skillOnly>
                        </skillChoiceType>
                        <skillChoiceType>
                           <coreSkillReference>
                              <id_skill>2</id_skill>
                              <id_skill_reference>10350201402</id_skill_reference>
                           </coreSkillReference>
                        </skillChoiceType>
                        <skillChoiceType>
                           <coreSkillReference>
                              <id_skill>3</id_skill>
                              <id_skill_reference>10350201403</id_skill_reference>
                           </coreSkillReference>
                        </skillChoiceType>
                        <skillChoiceType>
                           <coreSkillReference>
                              <id_skill>4</id_skill>
                              <id_skill_reference>10350201404</id_skill_reference>
                           </coreSkillReference>
                        </skillChoiceType>
                     </skillChoiceArray>
                  </topicOnly>
                  <topicOnly>
                     <id_topic>14</id_topic>
                     <subject>InterMath</subject>
                     <name>Maxima and Minima</name>
                     <published>true</published>
                     <derived>false</derived>
                     <skillChoiceArray>
                        <skillChoiceType>
                           <skillOnly>
                              <id_skill>1</id_skill>
                              <name>Topic Tests - Maxima and Minima</name>
                              <description>Topic Tests - Maxima and Minima</description>
                           </skillOnly>
                        </skillChoiceType>
                        <skillChoiceType>
                           <coreSkillReference>
                              <id_skill>2</id_skill>
                              <id_skill_reference>10350201502</id_skill_reference>
                           </coreSkillReference>
                        </skillChoiceType>
                        <skillChoiceType>
                           <coreSkillReference>
                              <id_skill>3</id_skill>
                              <id_skill_reference>10350201503</id_skill_reference>
                           </coreSkillReference>
                        </skillChoiceType>
                        <skillChoiceType>
                           <coreSkillReference>
                              <id_skill>4</id_skill>
                              <id_skill_reference>10350201504</id_skill_reference>
                           </coreSkillReference>
                        </skillChoiceType>
                     </skillChoiceArray>
                  </topicOnly>
                  <topicOnly>
                     <id_topic>15</id_topic>
                     <subject>InterMath</subject>
                     <name>Mean Values Theorems</name>
                     <published>true</published>
                     <derived>false</derived>
                     <skillChoiceArray>
                        <skillChoiceType>
                           <skillOnly>
                              <id_skill>1</id_skill>
                              <name>Topic Tests - Mean Values Theorems</name>
                              <description>Topic Tests - Mean Values Theorems</description>
                           </skillOnly>
                        </skillChoiceType>
                        <skillChoiceType>
                           <coreSkillReference>
                              <id_skill>2</id_skill>
                              <id_skill_reference>10350201602</id_skill_reference>
                           </coreSkillReference>
                        </skillChoiceType>
                     </skillChoiceArray>
                  </topicOnly>
               </topicOnlyArray>
            </levelOnly>
            <levelOnly>
               <id_level>503</id_level>
               <subject>InterMath</subject>
               <subject_header>Intermediate Mathematics</subject_header>
               <name>Algebra - Mathematics Second Year II-A</name>
               <display_name>Algebra - Mathematics Second Year II-A</display_name>
               <description>Algebra for EAMCET/IIT -  Mathematics Second Year II-A</description>
               <published>true</published>
               <derived>false</derived>
               <topicOnlyArray>
                  <topicOnly>
                     <id_topic>1</id_topic>
                     <subject>InterMath</subject>
                     <name>Quadratic Equations and Expressions</name>
                     <published>true</published>
                     <derived>false</derived>
                     <skillChoiceArray>
                        <skillChoiceType>
                           <skillOnly>
                              <id_skill>1</id_skill>
                              <name>Topic Tests - Quadratic Equations and Expressions</name>
                              <description>Topic Tests - Quadratic Equations and Expressions</description>
                           </skillOnly>
                        </skillChoiceType>
                        <skillChoiceType>
                           <coreSkillReference>
                              <id_skill>2</id_skill>
                              <id_skill_reference>10350300202</id_skill_reference>
                           </coreSkillReference>
                        </skillChoiceType>
                        <skillChoiceType>
                           <coreSkillReference>
                              <id_skill>3</id_skill>
                              <id_skill_reference>10350300203</id_skill_reference>
                           </coreSkillReference>
                        </skillChoiceType>
                        <skillChoiceType>
                           <coreSkillReference>
                              <id_skill>4</id_skill>
                              <id_skill_reference>10350300204</id_skill_reference>
                           </coreSkillReference>
                        </skillChoiceType>
                        <skillChoiceType>
                           <coreSkillReference>
                              <id_skill>5</id_skill>
                              <id_skill_reference>10350300205</id_skill_reference>
                           </coreSkillReference>
                        </skillChoiceType>
                     </skillChoiceArray>
                  </topicOnly>
                  <topicOnly>
                     <id_topic>2</id_topic>
                     <subject>InterMath</subject>
                     <name>Theory of Equations</name>
                     <published>true</published>
                     <derived>false</derived>
                     <skillChoiceArray>
                        <skillChoiceType>
                           <skillOnly>
                              <id_skill>1</id_skill>
                              <name>Topic Tests - Theory of Equations</name>
                              <description>Topic Tests - Theory of Equations</description>
                           </skillOnly>
                        </skillChoiceType>
                        <skillChoiceType>
                           <coreSkillReference>
                              <id_skill>2</id_skill>
                              <id_skill_reference>10350300302</id_skill_reference>
                           </coreSkillReference>
                        </skillChoiceType>
                        <skillChoiceType>
                           <coreSkillReference>
                              <id_skill>3</id_skill>
                              <id_skill_reference>10350300303</id_skill_reference>
                           </coreSkillReference>
                        </skillChoiceType>
                        <skillChoiceType>
                           <coreSkillReference>
                              <id_skill>4</id_skill>
                              <id_skill_reference>10350300304</id_skill_reference>
                           </coreSkillReference>
                        </skillChoiceType>
                        <skillChoiceType>
                           <coreSkillReference>
                              <id_skill>5</id_skill>
                              <id_skill_reference>10350300305</id_skill_reference>
                           </coreSkillReference>
                        </skillChoiceType>
                     </skillChoiceArray>
                  </topicOnly>
                  <topicOnly>
                     <id_topic>3</id_topic>
                     <subject>InterMath</subject>
                     <name>Binomial Theorem</name>
                     <published>true</published>
                     <derived>false</derived>
                     <skillChoiceArray>
                        <skillChoiceType>
                           <skillOnly>
                              <id_skill>1</id_skill>
                              <name>Topic Tests - Binomial Theorem</name>
                              <description>Topic Tests - Binomial Theorem</description>
                           </skillOnly>
                        </skillChoiceType>
                        <skillChoiceType>
                           <coreSkillReference>
                              <id_skill>2</id_skill>
                              <id_skill_reference>10350300402</id_skill_reference>
                           </coreSkillReference>
                        </skillChoiceType>
                        <skillChoiceType>
                           <coreSkillReference>
                              <id_skill>3</id_skill>
                              <id_skill_reference>10350300403</id_skill_reference>
                           </coreSkillReference>
                        </skillChoiceType>
                        <skillChoiceType>
                           <coreSkillReference>
                              <id_skill>4</id_skill>
                              <id_skill_reference>10350300404</id_skill_reference>
                           </coreSkillReference>
                        </skillChoiceType>
                     </skillChoiceArray>
                  </topicOnly>
                  <topicOnly>
                     <id_topic>4</id_topic>
                     <subject>InterMath</subject>
                     <name>Partial Fractions</name>
                     <published>true</published>
                     <derived>false</derived>
                     <skillChoiceArray>
                        <skillChoiceType>
                           <skillOnly>
                              <id_skill>1</id_skill>
                              <name>Topic Tests - Partial Fractions</name>
                              <description>Topic Tests - Partial Fractions</description>
                           </skillOnly>
                        </skillChoiceType>
                        <skillChoiceType>
                           <coreSkillReference>
                              <id_skill>2</id_skill>
                              <id_skill_reference>10350300502</id_skill_reference>
                           </coreSkillReference>
                        </skillChoiceType>
                     </skillChoiceArray>
                  </topicOnly>
                  <topicOnly>
                     <id_topic>5</id_topic>
                     <subject>InterMath</subject>
                     <name>Complex Numbers</name>
                     <published>true</published>
                     <derived>false</derived>
                     <skillChoiceArray>
                        <skillChoiceType>
                           <skillOnly>
                              <id_skill>1</id_skill>
                              <name>Topic Tests - Complex Numbers</name>
                              <description>Topic Tests - Complex Numbers</description>
                           </skillOnly>
                        </skillChoiceType>
                        <skillChoiceType>
                           <coreSkillReference>
                              <id_skill>2</id_skill>
                              <id_skill_reference>10350300602</id_skill_reference>
                           </coreSkillReference>
                        </skillChoiceType>
                        <skillChoiceType>
                           <coreSkillReference>
                              <id_skill>3</id_skill>
                              <id_skill_reference>10350300603</id_skill_reference>
                           </coreSkillReference>
                        </skillChoiceType>
                        <skillChoiceType>
                           <coreSkillReference>
                              <id_skill>4</id_skill>
                              <id_skill_reference>10350300604</id_skill_reference>
                           </coreSkillReference>
                        </skillChoiceType>
                        <skillChoiceType>
                           <coreSkillReference>
                              <id_skill>5</id_skill>
                              <id_skill_reference>10350300605</id_skill_reference>
                           </coreSkillReference>
                        </skillChoiceType>
                     </skillChoiceArray>
                  </topicOnly>
                  <topicOnly>
                     <id_topic>6</id_topic>
                     <subject>InterMath</subject>
                     <name>Demoivre's Theorem</name>
                     <published>true</published>
                     <derived>false</derived>
                     <skillChoiceArray>
                        <skillChoiceType>
                           <skillOnly>
                              <id_skill>1</id_skill>
                              <name>Topic Tests - Demoivre's Theorem</name>
                              <description>Topic Tests - Demoivre's Theorem</description>
                           </skillOnly>
                        </skillChoiceType>
                        <skillChoiceType>
                           <coreSkillReference>
                              <id_skill>2</id_skill>
                              <id_skill_reference>10350300702</id_skill_reference>
                           </coreSkillReference>
                        </skillChoiceType>
                     </skillChoiceArray>
                  </topicOnly>
               </topicOnlyArray>
            </levelOnly>
            <levelOnly>
               <id_level>504</id_level>
               <subject>InterMath</subject>
               <subject_header>Intermediate Mathematics</subject_header>
               <name>Probability - Mathematics Second Year II-A</name>
               <display_name>Probability - Mathematics Second Year II-A</display_name>
               <description>Probability for EAMCET/IIT - Maths IIA</description>
               <published>true</published>
               <derived>false</derived>
               <topicOnlyArray>
                  <topicOnly>
                     <id_topic>1</id_topic>
                     <subject>InterMath</subject>
                     <name>Permutations and Combinations</name>
                     <published>true</published>
                     <derived>false</derived>
                     <skillChoiceArray>
                        <skillChoiceType>
                           <skillOnly>
                              <id_skill>1</id_skill>
                              <name>Topic Tests - Permutations and Combinations</name>
                              <description>Topic Tests - Permutations and Combinations</description>
                           </skillOnly>
                        </skillChoiceType>
                        <skillChoiceType>
                           <coreSkillReference>
                              <id_skill>2</id_skill>
                              <id_skill_reference>10350400202</id_skill_reference>
                           </coreSkillReference>
                        </skillChoiceType>
                        <skillChoiceType>
                           <coreSkillReference>
                              <id_skill>3</id_skill>
                              <id_skill_reference>10350400203</id_skill_reference>
                           </coreSkillReference>
                        </skillChoiceType>
                        <skillChoiceType>
                           <coreSkillReference>
                              <id_skill>4</id_skill>
                              <id_skill_reference>10350400204</id_skill_reference>
                           </coreSkillReference>
                        </skillChoiceType>
                        <skillChoiceType>
                           <coreSkillReference>
                              <id_skill>5</id_skill>
                              <id_skill_reference>10350400205</id_skill_reference>
                           </coreSkillReference>
                        </skillChoiceType>
                     </skillChoiceArray>
                  </topicOnly>
                  <topicOnly>
                     <id_topic>2</id_topic>
                     <subject>InterMath</subject>
                     <name>Probability</name>
                     <published>true</published>
                     <derived>false</derived>
                     <skillChoiceArray>
                        <skillChoiceType>
                           <skillOnly>
                              <id_skill>1</id_skill>
                              <name>Topic Tests - Probability</name>
                              <description>Topic Tests - Probability</description>
                           </skillOnly>
                        </skillChoiceType>
                        <skillChoiceType>
                           <coreSkillReference>
                              <id_skill>2</id_skill>
                              <id_skill_reference>10350400302</id_skill_reference>
                           </coreSkillReference>
                        </skillChoiceType>
                        <skillChoiceType>
                           <coreSkillReference>
                              <id_skill>3</id_skill>
                              <id_skill_reference>10350400303</id_skill_reference>
                           </coreSkillReference>
                        </skillChoiceType>
                        <skillChoiceType>
                           <coreSkillReference>
                              <id_skill>4</id_skill>
                              <id_skill_reference>10350400304</id_skill_reference>
                           </coreSkillReference>
                        </skillChoiceType>
                        <skillChoiceType>
                           <coreSkillReference>
                              <id_skill>5</id_skill>
                              <id_skill_reference>10350400305</id_skill_reference>
                           </coreSkillReference>
                        </skillChoiceType>
                        <skillChoiceType>
                           <coreSkillReference>
                              <id_skill>6</id_skill>
                              <id_skill_reference>10350400306</id_skill_reference>
                           </coreSkillReference>
                        </skillChoiceType>
                     </skillChoiceArray>
                  </topicOnly>
                  <topicOnly>
                     <id_topic>3</id_topic>
                     <subject>InterMath</subject>
                     <name>Random Variable and Distributions</name>
                     <published>true</published>
                     <derived>false</derived>
                     <skillChoiceArray>
                        <skillChoiceType>
                           <skillOnly>
                              <id_skill>1</id_skill>
                              <name>Topic Tests - Random Variable and Distributions</name>
                              <description>Topic Tests - Random Variable and Distributions</description>
                           </skillOnly>
                        </skillChoiceType>
                        <skillChoiceType>
                           <coreSkillReference>
                              <id_skill>2</id_skill>
                              <id_skill_reference>10350400402</id_skill_reference>
                           </coreSkillReference>
                        </skillChoiceType>
                        <skillChoiceType>
                           <coreSkillReference>
                              <id_skill>3</id_skill>
                              <id_skill_reference>10350400403</id_skill_reference>
                           </coreSkillReference>
                        </skillChoiceType>
                     </skillChoiceArray>
                  </topicOnly>
                  <topicOnly>
                     <id_topic>4</id_topic>
                     <subject>InterMath</subject>
                     <name>Measures of Dispersion (Statistics)</name>
                     <published>true</published>
                     <derived>false</derived>
                     <skillChoiceArray>
                        <skillChoiceType>
                           <skillOnly>
                              <id_skill>1</id_skill>
                              <name>Topic Tests - Measures of Dispersion (Statistics)</name>
                              <description>Topic Tests - Measures of Dispersion (Statistics)</description>
                           </skillOnly>
                        </skillChoiceType>
                        <skillChoiceType>
                           <coreSkillReference>
                              <id_skill>2</id_skill>
                              <id_skill_reference>10350400502</id_skill_reference>
                           </coreSkillReference>
                        </skillChoiceType>
                        <skillChoiceType>
                           <coreSkillReference>
                              <id_skill>3</id_skill>
                              <id_skill_reference>10350400503</id_skill_reference>
                           </coreSkillReference>
                        </skillChoiceType>
                        <skillChoiceType>
                           <coreSkillReference>
                              <id_skill>4</id_skill>
                              <id_skill_reference>10350400504</id_skill_reference>
                           </coreSkillReference>
                        </skillChoiceType>
                        <skillChoiceType>
                           <coreSkillReference>
                              <id_skill>5</id_skill>
                              <id_skill_reference>10350400505</id_skill_reference>
                           </coreSkillReference>
                        </skillChoiceType>
                        <skillChoiceType>
                           <coreSkillReference>
                              <id_skill>6</id_skill>
                              <id_skill_reference>10350400506</id_skill_reference>
                           </coreSkillReference>
                        </skillChoiceType>
                     </skillChoiceArray>
                  </topicOnly>
               </topicOnlyArray>
            </levelOnly>
            <levelOnly>
               <id_level>505</id_level>
               <subject>InterMath</subject>
               <subject_header>Intermediate Mathematics</subject_header>
               <name>Geometry - Mathematics Second Year II-B</name>
               <display_name>Geometry - Mathematics Second Year II-B</display_name>
               <description>EAMCET/IIT - Mathematics Second Year II-B</description>
               <published>true</published>
               <derived>false</derived>
               <topicOnlyArray>
                  <topicOnly>
                     <id_topic>1</id_topic>
                     <subject>InterMath</subject>
                     <name>Circles</name>
                     <published>true</published>
                     <derived>false</derived>
                     <skillChoiceArray>
                        <skillChoiceType>
                           <skillOnly>
                              <id_skill>1</id_skill>
                              <name>Topic Tests - Circles</name>
                              <description>Topic Tests - Circles</description>
                           </skillOnly>
                        </skillChoiceType>
                        <skillChoiceType>
                           <coreSkillReference>
                              <id_skill>2</id_skill>
                              <id_skill_reference>10350500202</id_skill_reference>
                           </coreSkillReference>
                        </skillChoiceType>
                        <skillChoiceType>
                           <coreSkillReference>
                              <id_skill>3</id_skill>
                              <id_skill_reference>10350500203</id_skill_reference>
                           </coreSkillReference>
                        </skillChoiceType>
                        <skillChoiceType>
                           <coreSkillReference>
                              <id_skill>4</id_skill>
                              <id_skill_reference>10350500204</id_skill_reference>
                           </coreSkillReference>
                        </skillChoiceType>
                        <skillChoiceType>
                           <coreSkillReference>
                              <id_skill>5</id_skill>
                              <id_skill_reference>10350500205</id_skill_reference>
                           </coreSkillReference>
                        </skillChoiceType>
                     </skillChoiceArray>
                  </topicOnly>
                  <topicOnly>
                     <id_topic>2</id_topic>
                     <subject>InterMath</subject>
                     <name>System of Circles</name>
                     <published>true</published>
                     <derived>false</derived>
                     <skillChoiceArray>
                        <skillChoiceType>
                           <skillOnly>
                              <id_skill>1</id_skill>
                              <name>Topic Tests - System of Circles</name>
                              <description>Topic Tests - System of Circles</description>
                           </skillOnly>
                        </skillChoiceType>
                        <skillChoiceType>
                           <coreSkillReference>
                              <id_skill>2</id_skill>
                              <id_skill_reference>10350500302</id_skill_reference>
                           </coreSkillReference>
                        </skillChoiceType>
                        <skillChoiceType>
                           <coreSkillReference>
                              <id_skill>3</id_skill>
                              <id_skill_reference>10350500303</id_skill_reference>
                           </coreSkillReference>
                        </skillChoiceType>
                        <skillChoiceType>
                           <coreSkillReference>
                              <id_skill>4</id_skill>
                              <id_skill_reference>10350500304</id_skill_reference>
                           </coreSkillReference>
                        </skillChoiceType>
                     </skillChoiceArray>
                  </topicOnly>
                  <topicOnly>
                     <id_topic>3</id_topic>
                     <subject>InterMath</subject>
                     <name>Parabola</name>
                     <published>true</published>
                     <derived>false</derived>
                     <skillChoiceArray>
                        <skillChoiceType>
                           <skillOnly>
                              <id_skill>1</id_skill>
                              <name>Topic Tests - Parabola</name>
                              <description>Topic Tests - Parabola</description>
                           </skillOnly>
                        </skillChoiceType>
                        <skillChoiceType>
                           <coreSkillReference>
                              <id_skill>2</id_skill>
                              <id_skill_reference>10350500402</id_skill_reference>
                           </coreSkillReference>
                        </skillChoiceType>
                        <skillChoiceType>
                           <coreSkillReference>
                              <id_skill>3</id_skill>
                              <id_skill_reference>10350500403</id_skill_reference>
                           </coreSkillReference>
                        </skillChoiceType>
                        <skillChoiceType>
                           <coreSkillReference>
                              <id_skill>4</id_skill>
                              <id_skill_reference>10350500404</id_skill_reference>
                           </coreSkillReference>
                        </skillChoiceType>
                        <skillChoiceType>
                           <coreSkillReference>
                              <id_skill>5</id_skill>
                              <id_skill_reference>10350500405</id_skill_reference>
                           </coreSkillReference>
                        </skillChoiceType>
                     </skillChoiceArray>
                  </topicOnly>
                  <topicOnly>
                     <id_topic>4</id_topic>
                     <subject>InterMath</subject>
                     <name>Ellipse</name>
                     <published>true</published>
                     <derived>false</derived>
                     <skillChoiceArray>
                        <skillChoiceType>
                           <skillOnly>
                              <id_skill>1</id_skill>
                              <name>Topic Tests - Ellipse</name>
                              <description>Topic Tests - Ellipse</description>
                           </skillOnly>
                        </skillChoiceType>
                        <skillChoiceType>
                           <coreSkillReference>
                              <id_skill>2</id_skill>
                              <id_skill_reference>10350500502</id_skill_reference>
                           </coreSkillReference>
                        </skillChoiceType>
                        <skillChoiceType>
                           <coreSkillReference>
                              <id_skill>3</id_skill>
                              <id_skill_reference>10350500503</id_skill_reference>
                           </coreSkillReference>
                        </skillChoiceType>
                        <skillChoiceType>
                           <coreSkillReference>
                              <id_skill>4</id_skill>
                              <id_skill_reference>10350500504</id_skill_reference>
                           </coreSkillReference>
                        </skillChoiceType>
                     </skillChoiceArray>
                  </topicOnly>
                  <topicOnly>
                     <id_topic>5</id_topic>
                     <subject>InterMath</subject>
                     <name>Hyperbola</name>
                     <published>true</published>
                     <derived>false</derived>
                     <skillChoiceArray>
                        <skillChoiceType>
                           <skillOnly>
                              <id_skill>1</id_skill>
                              <name>Topic Tests - Hyperbola</name>
                              <description>Topic Tests - Hyperbola</description>
                           </skillOnly>
                        </skillChoiceType>
                        <skillChoiceType>
                           <coreSkillReference>
                              <id_skill>2</id_skill>
                              <id_skill_reference>10350500602</id_skill_reference>
                           </coreSkillReference>
                        </skillChoiceType>
                        <skillChoiceType>
                           <coreSkillReference>
                              <id_skill>3</id_skill>
                              <id_skill_reference>10350500603</id_skill_reference>
                           </coreSkillReference>
                        </skillChoiceType>
                        <skillChoiceType>
                           <coreSkillReference>
                              <id_skill>4</id_skill>
                              <id_skill_reference>10350500604</id_skill_reference>
                           </coreSkillReference>
                        </skillChoiceType>
                        <skillChoiceType>
                           <coreSkillReference>
                              <id_skill>5</id_skill>
                              <id_skill_reference>10350500605</id_skill_reference>
                           </coreSkillReference>
                        </skillChoiceType>
                        <skillChoiceType>
                           <coreSkillReference>
                              <id_skill>6</id_skill>
                              <id_skill_reference>10350500606</id_skill_reference>
                           </coreSkillReference>
                        </skillChoiceType>
                     </skillChoiceArray>
                  </topicOnly>
               </topicOnlyArray>
            </levelOnly>
            <levelOnly>
               <id_level>506</id_level>
               <subject>InterMath</subject>
               <subject_header>Intermediate Mathematics</subject_header>
               <name>Calculus - Mathematics Second Year II-B</name>
               <display_name>Calculus - Mathematics Second Year II-B</display_name>
               <description>Calculus EAMCET/IIT - Mathematics Second Year II-B</description>
               <published>true</published>
               <derived>false</derived>
               <topicOnlyArray>
                  <topicOnly>
                     <id_topic>1</id_topic>
                     <subject>InterMath</subject>
                     <name>Indefinite Integrals</name>
                     <published>true</published>
                     <derived>false</derived>
                     <skillChoiceArray>
                        <skillChoiceType>
                           <skillOnly>
                              <id_skill>1</id_skill>
                              <name>Topic Tests - Indefinite Integrals</name>
                              <description>Topic Tests - Indefinite Integrals</description>
                           </skillOnly>
                        </skillChoiceType>
                        <skillChoiceType>
                           <coreSkillReference>
                              <id_skill>2</id_skill>
                              <id_skill_reference>10350600202</id_skill_reference>
                           </coreSkillReference>
                        </skillChoiceType>
                        <skillChoiceType>
                           <coreSkillReference>
                              <id_skill>3</id_skill>
                              <id_skill_reference>10350600203</id_skill_reference>
                           </coreSkillReference>
                        </skillChoiceType>
                        <skillChoiceType>
                           <coreSkillReference>
                              <id_skill>4</id_skill>
                              <id_skill_reference>10350600204</id_skill_reference>
                           </coreSkillReference>
                        </skillChoiceType>
                     </skillChoiceArray>
                  </topicOnly>
                  <topicOnly>
                     <id_topic>2</id_topic>
                     <subject>InterMath</subject>
                     <name>Definite Integrals</name>
                     <published>true</published>
                     <derived>false</derived>
                     <skillChoiceArray>
                        <skillChoiceType>
                           <skillOnly>
                              <id_skill>1</id_skill>
                              <name>Topic Tests - Definite Integrals</name>
                              <description>Topic Tests - Definite Integrals</description>
                           </skillOnly>
                        </skillChoiceType>
                        <skillChoiceType>
                           <coreSkillReference>
                              <id_skill>2</id_skill>
                              <id_skill_reference>10350600302</id_skill_reference>
                           </coreSkillReference>
                        </skillChoiceType>
                        <skillChoiceType>
                           <coreSkillReference>
                              <id_skill>3</id_skill>
                              <id_skill_reference>10350600303</id_skill_reference>
                           </coreSkillReference>
                        </skillChoiceType>
                        <skillChoiceType>
                           <coreSkillReference>
                              <id_skill>4</id_skill>
                              <id_skill_reference>10350600304</id_skill_reference>
                           </coreSkillReference>
                        </skillChoiceType>
                     </skillChoiceArray>
                  </topicOnly>
                  <topicOnly>
                     <id_topic>3</id_topic>
                     <subject>InterMath</subject>
                     <name>Integrals as a Limit of Summation</name>
                     <published>true</published>
                     <derived>false</derived>
                     <skillChoiceArray>
                        <skillChoiceType>
                           <skillOnly>
                              <id_skill>1</id_skill>
                              <name>Topic Tests - Integrals as a Limit of Summation</name>
                              <description>Topic Tests - Integrals as a Limit of Summation</description>
                           </skillOnly>
                        </skillChoiceType>
                        <skillChoiceType>
                           <coreSkillReference>
                              <id_skill>2</id_skill>
                              <id_skill_reference>10350600402</id_skill_reference>
                           </coreSkillReference>
                        </skillChoiceType>
                     </skillChoiceArray>
                  </topicOnly>
                  <topicOnly>
                     <id_topic>4</id_topic>
                     <subject>InterMath</subject>
                     <name>Areas</name>
                     <published>true</published>
                     <derived>false</derived>
                     <skillChoiceArray>
                        <skillChoiceType>
                           <skillOnly>
                              <id_skill>1</id_skill>
                              <name>Topic Tests - Areas</name>
                              <description>Topic Tests - Areas</description>
                           </skillOnly>
                        </skillChoiceType>
                        <skillChoiceType>
                           <coreSkillReference>
                              <id_skill>2</id_skill>
                              <id_skill_reference>10350600502</id_skill_reference>
                           </coreSkillReference>
                        </skillChoiceType>
                     </skillChoiceArray>
                  </topicOnly>
                  <topicOnly>
                     <id_topic>5</id_topic>
                     <subject>InterMath</subject>
                     <name>Differential Equations</name>
                     <published>true</published>
                     <derived>false</derived>
                     <skillChoiceArray>
                        <skillChoiceType>
                           <skillOnly>
                              <id_skill>1</id_skill>
                              <name>Topic Tests - Differential Equations</name>
                              <description>Topic Tests - Differential Equations</description>
                           </skillOnly>
                        </skillChoiceType>
                        <skillChoiceType>
                           <coreSkillReference>
                              <id_skill>2</id_skill>
                              <id_skill_reference>10350600602</id_skill_reference>
                           </coreSkillReference>
                        </skillChoiceType>
                        <skillChoiceType>
                           <coreSkillReference>
                              <id_skill>3</id_skill>
                              <id_skill_reference>10350600603</id_skill_reference>
                           </coreSkillReference>
                        </skillChoiceType>
                        <skillChoiceType>
                           <coreSkillReference>
                              <id_skill>4</id_skill>
                              <id_skill_reference>10350600604</id_skill_reference>
                           </coreSkillReference>
                        </skillChoiceType>
                     </skillChoiceArray>
                  </topicOnly>
               </topicOnlyArray>
            </levelOnly>
            <levelOnly>
               <id_level>510</id_level>
               <subject>InterMath</subject>
               <subject_header>Intermediate Maths</subject_header>
               <name>Mathematics Mock Subject Exams</name>
               <display_name>Mathematics Mock Subject Exams</display_name>
               <description>Mathematics Mock Exams for EAMCET and IIT</description>
               <published>true</published>
               <derived>false</derived>
               <topicOnlyArray>
                  <topicOnly>
                     <id_topic>1</id_topic>
                     <subject>InterMath</subject>
                     <name>eTester IIT Maths Practice Exams</name>
                     <published>true</published>
                     <derived>false</derived>
                     <skillChoiceArray>
                        <skillChoiceType>
                           <skillOnly>
                              <id_skill>1</id_skill>
                              <name>eTester IIT Maths Practice Exams</name>
                              <description>eTester IIT Maths Practice Exams</description>
                           </skillOnly>
                        </skillChoiceType>
                     </skillChoiceArray>
                  </topicOnly>
                  <topicOnly>
                     <id_topic>2</id_topic>
                     <subject>InterMath</subject>
                     <name>3rd Party IIT Maths Practice Exams</name>
                     <published>true</published>
                     <derived>false</derived>
                     <skillChoiceArray>
                        <skillChoiceType>
                           <skillOnly>
                              <id_skill>1</id_skill>
                              <name>The Elite classes</name>
                              <description>The Elite classes</description>
                           </skillOnly>
                        </skillChoiceType>
                     </skillChoiceArray>
                  </topicOnly>
                  <topicOnly>
                     <id_topic>3</id_topic>
                     <subject>InterMath</subject>
                     <name>Core Maths Practice Exams</name>
                     <published>true</published>
                     <derived>false</derived>
                     <skillChoiceArray>
                        <skillChoiceType>
                           <coreSkillReference>
                              <id_skill>1</id_skill>
                              <id_skill_reference>10351000101</id_skill_reference>
                           </coreSkillReference>
                        </skillChoiceType>
                        <skillChoiceType>
                           <coreSkillReference>
                              <id_skill>2</id_skill>
                              <id_skill_reference>10351000102</id_skill_reference>
                           </coreSkillReference>
                        </skillChoiceType>
                        <skillChoiceType>
                           <coreSkillReference>
                              <id_skill>3</id_skill>
                              <id_skill_reference>10351000201</id_skill_reference>
                           </coreSkillReference>
                        </skillChoiceType>
                     </skillChoiceArray>
                  </topicOnly>
               </topicOnlyArray>
            </levelOnly>
         </levelOnlyArray>
      </LoadLevelsOnlyRequest>
   </soapenv:Body>
</soapenv:Envelope>