<soapenv:Envelope xmlns:soapenv="http://schemas.xmlsoap.org/soap/envelope/" xmlns:rfl="http://www.rulefree.com/RfLoadDataSchema">
    <soapenv:Header />
    <soapenv:Body>
        <LoadLevelsOnlyRequest xmlns="http://www.rulefree.com/RfLoadDataSchema" xmlns:xsd="http://www.w3.org/2001/XMLSchema" xmlns:xsi="http://www.w3.org/2001/XMLSchema-instance" xsi:schemaLocation="http://www.rulefree.com/RfLoadDataSchema RfLoadDataSchema.xsd" reload="true" validateOnly="false">
            <id_system>133</id_system>
            <id_provider>0</id_provider>
            <levelOnlyArray>
                <levelOnly>
                    <id_level>101</id_level>
                    <subject>InterPhysics</subject>
                    <subject_header>Intermediate Physics</subject_header>
                    <name><![CDATA[Physics First Year]]></name>
                    <display_name><![CDATA[Physics First Year]]></display_name>
                    <description><![CDATA[Physics preparation for EAMCET and IIT.  First Year syllabus.]]></description>
                    <published>true</published>
                    <derived>false</derived>
                    <topicOnlyArray>
                        <topicOnly>
                            <id_topic>1</id_topic>
                            <subject>InterPhysics</subject>
                            <name>Units and Measurement</name>
                            <published>true</published>
                            <derived>false</derived>
                            <skillChoiceArray>
                                <skillChoiceType>
                                    <skillOnly>
                                        <id_skill>1</id_skill>
                                        <name>Topic Tests - Units and Measurement</name>
                                        <description>Topic Tests - Units and Measurement</description>
                                    </skillOnly>
                                </skillChoiceType>
                                <skillChoiceType>
                                    <coreSkillReference>
                                        <id_skill>2</id_skill>
                                        <id_skill_reference>10310100202</id_skill_reference>
                                    </coreSkillReference>
                                </skillChoiceType>
                                <skillChoiceType>
                                    <coreSkillReference>
                                        <id_skill>3</id_skill>
                                        <id_skill_reference>10310100203</id_skill_reference>
                                    </coreSkillReference>
                                </skillChoiceType>
                                <skillChoiceType>
                                    <coreSkillReference>
                                        <id_skill>4</id_skill>
                                        <id_skill_reference>10310100204</id_skill_reference>
                                    </coreSkillReference>
                                </skillChoiceType>
                                <skillChoiceType>
                                    <coreSkillReference>
                                        <id_skill>5</id_skill>
                                        <id_skill_reference>10310100205</id_skill_reference>
                                    </coreSkillReference>
                                </skillChoiceType>
                                <skillChoiceType>
                                    <coreSkillReference>
                                        <id_skill>6</id_skill>
                                        <id_skill_reference>10310100206</id_skill_reference>
                                    </coreSkillReference>
                                </skillChoiceType>
                            </skillChoiceArray>
                        </topicOnly>
                        <topicOnly>
                            <id_topic>2</id_topic>
                            <subject>InterPhysics</subject>
                            <name>Motion in a Straight Line</name>
                            <published>true</published>
                            <derived>false</derived>
                            <skillChoiceArray>
                                <skillChoiceType>
                                    <skillOnly>
                                        <id_skill>1</id_skill>
                                        <name>Topic Tests - Motion in a Straight Line</name>
                                        <description>Topic Tests - Motion in a Straight Line</description>
                                    </skillOnly>
                                </skillChoiceType>
                                <skillChoiceType>
                                    <coreSkillReference>
                                        <id_skill>2</id_skill>
                                        <id_skill_reference>10310100302</id_skill_reference>
                                    </coreSkillReference>
                                </skillChoiceType>
                                <skillChoiceType>
                                    <coreSkillReference>
                                        <id_skill>3</id_skill>
                                        <id_skill_reference>10310100303</id_skill_reference>
                                    </coreSkillReference>
                                </skillChoiceType>
                            </skillChoiceArray>
                        </topicOnly>
                        <topicOnly>
                            <id_topic>3</id_topic>
                            <subject>InterPhysics</subject>
                            <name>Motion in a Plane</name>
                            <published>true</published>
                            <derived>false</derived>
                            <skillChoiceArray>
                                <skillChoiceType>
                                    <skillOnly>
                                        <id_skill>1</id_skill>
                                        <name>Topic Tests - Motion in a Plane</name>
                                        <description>Topic Tests - Motion in a Plane</description>
                                    </skillOnly>
                                </skillChoiceType>
                                <skillChoiceType>
                                    <coreSkillReference>
                                        <id_skill>2</id_skill>
                                        <id_skill_reference>10310100402</id_skill_reference>
                                    </coreSkillReference>
                                </skillChoiceType>
                                <skillChoiceType>
                                    <coreSkillReference>
                                        <id_skill>3</id_skill>
                                        <id_skill_reference>10310100403</id_skill_reference>
                                    </coreSkillReference>
                                </skillChoiceType>
                                <skillChoiceType>
                                    <coreSkillReference>
                                        <id_skill>4</id_skill>
                                        <id_skill_reference>10310100404</id_skill_reference>
                                    </coreSkillReference>
                                </skillChoiceType>
                                <skillChoiceType>
                                    <coreSkillReference>
                                        <id_skill>5</id_skill>
                                        <id_skill_reference>10310100405</id_skill_reference>
                                    </coreSkillReference>
                                </skillChoiceType>
                                <skillChoiceType>
                                    <coreSkillReference>
                                        <id_skill>6</id_skill>
                                        <id_skill_reference>10310100406</id_skill_reference>
                                    </coreSkillReference>
                                </skillChoiceType>
                                <skillChoiceType>
                                    <coreSkillReference>
                                        <id_skill>7</id_skill>
                                        <id_skill_reference>10310100407</id_skill_reference>
                                    </coreSkillReference>
                                </skillChoiceType>
                                <skillChoiceType>
                                    <coreSkillReference>
                                        <id_skill>8</id_skill>
                                        <id_skill_reference>10310100408</id_skill_reference>
                                    </coreSkillReference>
                                </skillChoiceType>
                                <skillChoiceType>
                                    <coreSkillReference>
                                        <id_skill>9</id_skill>
                                        <id_skill_reference>10310100409</id_skill_reference>
                                    </coreSkillReference>
                                </skillChoiceType>
                                <skillChoiceType>
                                    <coreSkillReference>
                                        <id_skill>10</id_skill>
                                        <id_skill_reference>10310100410</id_skill_reference>
                                    </coreSkillReference>
                                </skillChoiceType>
                            </skillChoiceArray>
                        </topicOnly>
                        <topicOnly>
                            <id_topic>4</id_topic>
                            <subject>InterPhysics</subject>
                            <name>Laws of Motion</name>
                            <published>true</published>
                            <derived>false</derived>
                            <skillChoiceArray>
                                <skillChoiceType>
                                    <skillOnly>
                                        <id_skill>1</id_skill>
                                        <name>Topic Tests - Laws of Motion</name>
                                        <description>Topic Tests - Laws of Motion</description>
                                    </skillOnly>
                                </skillChoiceType>
                                <skillChoiceType>
                                    <coreSkillReference>
                                        <id_skill>2</id_skill>
                                        <id_skill_reference>10310100502</id_skill_reference>
                                    </coreSkillReference>
                                </skillChoiceType>
                                <skillChoiceType>
                                    <coreSkillReference>
                                        <id_skill>3</id_skill>
                                        <id_skill_reference>10310100503</id_skill_reference>
                                    </coreSkillReference>
                                </skillChoiceType>
                                <skillChoiceType>
                                    <coreSkillReference>
                                        <id_skill>4</id_skill>
                                        <id_skill_reference>10310100504</id_skill_reference>
                                    </coreSkillReference>
                                </skillChoiceType>
                                <skillChoiceType>
                                    <coreSkillReference>
                                        <id_skill>5</id_skill>
                                        <id_skill_reference>10310100505</id_skill_reference>
                                    </coreSkillReference>
                                </skillChoiceType>
                                <skillChoiceType>
                                    <coreSkillReference>
                                        <id_skill>6</id_skill>
                                        <id_skill_reference>10310100506</id_skill_reference>
                                    </coreSkillReference>
                                </skillChoiceType>
                                <skillChoiceType>
                                    <coreSkillReference>
                                        <id_skill>7</id_skill>
                                        <id_skill_reference>10310100507</id_skill_reference>
                                    </coreSkillReference>
                                </skillChoiceType>
                                <skillChoiceType>
                                    <coreSkillReference>
                                        <id_skill>8</id_skill>
                                        <id_skill_reference>10310100508</id_skill_reference>
                                    </coreSkillReference>
                                </skillChoiceType>
                            </skillChoiceArray>
                        </topicOnly>
                        <topicOnly>
                            <id_topic>5</id_topic>
                            <subject>InterPhysics</subject>
                            <name>Friction</name>
                            <published>true</published>
                            <derived>false</derived>
                            <skillChoiceArray>
                                <skillChoiceType>
                                    <skillOnly>
                                        <id_skill>1</id_skill>
                                        <name>Topic Tests - Friction</name>
                                        <description>Topic Tests - Friction</description>
                                    </skillOnly>
                                </skillChoiceType>
                                <skillChoiceType>
                                    <coreSkillReference>
                                        <id_skill>2</id_skill>
                                        <id_skill_reference>10310100602</id_skill_reference>
                                    </coreSkillReference>
                                </skillChoiceType>
                                <skillChoiceType>
                                    <coreSkillReference>
                                        <id_skill>3</id_skill>
                                        <id_skill_reference>10310100603</id_skill_reference>
                                    </coreSkillReference>
                                </skillChoiceType>
                                <skillChoiceType>
                                    <coreSkillReference>
                                        <id_skill>4</id_skill>
                                        <id_skill_reference>10310100604</id_skill_reference>
                                    </coreSkillReference>
                                </skillChoiceType>
                                <skillChoiceType>
                                    <coreSkillReference>
                                        <id_skill>5</id_skill>
                                        <id_skill_reference>10310100605</id_skill_reference>
                                    </coreSkillReference>
                                </skillChoiceType>
                                <skillChoiceType>
                                    <coreSkillReference>
                                        <id_skill>6</id_skill>
                                        <id_skill_reference>10310100606</id_skill_reference>
                                    </coreSkillReference>
                                </skillChoiceType>
                                <skillChoiceType>
                                    <coreSkillReference>
                                        <id_skill>7</id_skill>
                                        <id_skill_reference>10310100607</id_skill_reference>
                                    </coreSkillReference>
                                </skillChoiceType>
                            </skillChoiceArray>
                        </topicOnly>
                        <topicOnly>
                            <id_topic>6</id_topic>
                            <subject>InterPhysics</subject>
                            <name>Work, Power and Energy</name>
                            <published>true</published>
                            <derived>false</derived>
                            <skillChoiceArray>
                                <skillChoiceType>
                                    <skillOnly>
                                        <id_skill>1</id_skill>
                                        <name>Topic Tests - Work, Power and Energy</name>
                                        <description>Topic Tests - Work, Power and Energy</description>
                                    </skillOnly>
                                </skillChoiceType>
                                <skillChoiceType>
                                    <coreSkillReference>
                                        <id_skill>2</id_skill>
                                        <id_skill_reference>10310100702</id_skill_reference>
                                    </coreSkillReference>
                                </skillChoiceType>
                                <skillChoiceType>
                                    <coreSkillReference>
                                        <id_skill>3</id_skill>
                                        <id_skill_reference>10310100703</id_skill_reference>
                                    </coreSkillReference>
                                </skillChoiceType>
                                <skillChoiceType>
                                    <coreSkillReference>
                                        <id_skill>4</id_skill>
                                        <id_skill_reference>10310100704</id_skill_reference>
                                    </coreSkillReference>
                                </skillChoiceType>
                                <skillChoiceType>
                                    <coreSkillReference>
                                        <id_skill>5</id_skill>
                                        <id_skill_reference>10310100705</id_skill_reference>
                                    </coreSkillReference>
                                </skillChoiceType>
                                <skillChoiceType>
                                    <coreSkillReference>
                                        <id_skill>6</id_skill>
                                        <id_skill_reference>10310100706</id_skill_reference>
                                    </coreSkillReference>
                                </skillChoiceType>
                                <skillChoiceType>
                                    <coreSkillReference>
                                        <id_skill>7</id_skill>
                                        <id_skill_reference>10310100707</id_skill_reference>
                                    </coreSkillReference>
                                </skillChoiceType>
                                <skillChoiceType>
                                    <coreSkillReference>
                                        <id_skill>8</id_skill>
                                        <id_skill_reference>10310100708</id_skill_reference>
                                    </coreSkillReference>
                                </skillChoiceType>
                                <skillChoiceType>
                                    <coreSkillReference>
                                        <id_skill>9</id_skill>
                                        <id_skill_reference>10310100709</id_skill_reference>
                                    </coreSkillReference>
                                </skillChoiceType>
                            </skillChoiceArray>
                        </topicOnly>
                        <topicOnly>
                            <id_topic>7</id_topic>
                            <subject>InterPhysics</subject>
                            <name>System of Particles and Rotational Motion</name>
                            <published>true</published>
                            <derived>false</derived>
                            <skillChoiceArray>
                                <skillChoiceType>
                                    <skillOnly>
                                        <id_skill>1</id_skill>
                                        <name>Topic Tests - System of Particles and Rotational Motion</name>
                                        <description>Topic Tests - System of Particles and Rotational Motion</description>
                                    </skillOnly>
                                </skillChoiceType>
                                <skillChoiceType>
                                    <coreSkillReference>
                                        <id_skill>2</id_skill>
                                        <id_skill_reference>10310100802</id_skill_reference>
                                    </coreSkillReference>
                                </skillChoiceType>
                                <skillChoiceType>
                                    <coreSkillReference>
                                        <id_skill>3</id_skill>
                                        <id_skill_reference>10310100803</id_skill_reference>
                                    </coreSkillReference>
                                </skillChoiceType>
                                <skillChoiceType>
                                    <coreSkillReference>
                                        <id_skill>4</id_skill>
                                        <id_skill_reference>10310100804</id_skill_reference>
                                    </coreSkillReference>
                                </skillChoiceType>
                                <skillChoiceType>
                                    <coreSkillReference>
                                        <id_skill>5</id_skill>
                                        <id_skill_reference>10310100805</id_skill_reference>
                                    </coreSkillReference>
                                </skillChoiceType>
                                <skillChoiceType>
                                    <coreSkillReference>
                                        <id_skill>6</id_skill>
                                        <id_skill_reference>10310100806</id_skill_reference>
                                    </coreSkillReference>
                                </skillChoiceType>
                                <skillChoiceType>
                                    <coreSkillReference>
                                        <id_skill>7</id_skill>
                                        <id_skill_reference>10310100807</id_skill_reference>
                                    </coreSkillReference>
                                </skillChoiceType>
                            </skillChoiceArray>
                        </topicOnly>
                        <topicOnly>
                            <id_topic>8</id_topic>
                            <subject>InterPhysics</subject>
                            <name>Oscillations</name>
                            <published>true</published>
                            <derived>false</derived>
                            <skillChoiceArray>
                                <skillChoiceType>
                                    <skillOnly>
                                        <id_skill>1</id_skill>
                                        <name>Topic Tests - Oscillations</name>
                                        <description>Topic Tests - Oscillations</description>
                                    </skillOnly>
                                </skillChoiceType>
                                <skillChoiceType>
                                    <coreSkillReference>
                                        <id_skill>2</id_skill>
                                        <id_skill_reference>10310100902</id_skill_reference>
                                    </coreSkillReference>
                                </skillChoiceType>
                                <skillChoiceType>
                                    <coreSkillReference>
                                        <id_skill>3</id_skill>
                                        <id_skill_reference>10310100903</id_skill_reference>
                                    </coreSkillReference>
                                </skillChoiceType>
                                <skillChoiceType>
                                    <coreSkillReference>
                                        <id_skill>4</id_skill>
                                        <id_skill_reference>10310100904</id_skill_reference>
                                    </coreSkillReference>
                                </skillChoiceType>
                            </skillChoiceArray>
                        </topicOnly>
                        <topicOnly>
                            <id_topic>9</id_topic>
                            <subject>InterPhysics</subject>
                            <name>Gravitation</name>
                            <published>true</published>
                            <derived>false</derived>
                            <skillChoiceArray>
                                <skillChoiceType>
                                    <skillOnly>
                                        <id_skill>1</id_skill>
                                        <name>Topic Tests - Gravitation</name>
                                        <description>Topic Tests - Gravitation</description>
                                    </skillOnly>
                                </skillChoiceType>
                                <skillChoiceType>
                                    <coreSkillReference>
                                        <id_skill>2</id_skill>
                                        <id_skill_reference>10310101002</id_skill_reference>
                                    </coreSkillReference>
                                </skillChoiceType>
                                <skillChoiceType>
                                    <coreSkillReference>
                                        <id_skill>3</id_skill>
                                        <id_skill_reference>10310101003</id_skill_reference>
                                    </coreSkillReference>
                                </skillChoiceType>
                                <skillChoiceType>
                                    <coreSkillReference>
                                        <id_skill>4</id_skill>
                                        <id_skill_reference>10310101004</id_skill_reference>
                                    </coreSkillReference>
                                </skillChoiceType>
                                <skillChoiceType>
                                    <coreSkillReference>
                                        <id_skill>5</id_skill>
                                        <id_skill_reference>10310101005</id_skill_reference>
                                    </coreSkillReference>
                                </skillChoiceType>
                                <skillChoiceType>
                                    <coreSkillReference>
                                        <id_skill>6</id_skill>
                                        <id_skill_reference>10310101006</id_skill_reference>
                                    </coreSkillReference>
                                </skillChoiceType>
                                <skillChoiceType>
                                    <coreSkillReference>
                                        <id_skill>7</id_skill>
                                        <id_skill_reference>10310101007</id_skill_reference>
                                    </coreSkillReference>
                                </skillChoiceType>
                            </skillChoiceArray>
                        </topicOnly>
                        <topicOnly>
                            <id_topic>10</id_topic>
                            <subject>InterPhysics</subject>
                            <name>Mechanical Properties of Solids</name>
                            <published>true</published>
                            <derived>false</derived>
                            <skillChoiceArray>
                                <skillChoiceType>
                                    <skillOnly>
                                        <id_skill>1</id_skill>
                                        <name>Topic Tests - Mechanical Properties of Solids</name>
                                        <description>Topic Tests - Mechanical Properties of Solids</description>
                                    </skillOnly>
                                </skillChoiceType>
                                <skillChoiceType>
                                    <coreSkillReference>
                                        <id_skill>2</id_skill>
                                        <id_skill_reference>10310101102</id_skill_reference>
                                    </coreSkillReference>
                                </skillChoiceType>
                                <skillChoiceType>
                                    <coreSkillReference>
                                        <id_skill>3</id_skill>
                                        <id_skill_reference>10310101103</id_skill_reference>
                                    </coreSkillReference>
                                </skillChoiceType>
                                <skillChoiceType>
                                    <coreSkillReference>
                                        <id_skill>4</id_skill>
                                        <id_skill_reference>10310101104</id_skill_reference>
                                    </coreSkillReference>
                                </skillChoiceType>
                            </skillChoiceArray>
                        </topicOnly>
                        <topicOnly>
                            <id_topic>11</id_topic>
                            <subject>InterPhysics</subject>
                            <name>Mechanical Properties of Fluids</name>
                            <published>true</published>
                            <derived>false</derived>
                            <skillChoiceArray>
                                <skillChoiceType>
                                    <skillOnly>
                                        <id_skill>1</id_skill>
                                        <name>Topic Tests - Mechanical Properties of Fluids</name>
                                        <description>Topic Tests - Mechanical Properties of Fluids</description>
                                    </skillOnly>
                                </skillChoiceType>
                                <skillChoiceType>
                                    <coreSkillReference>
                                        <id_skill>2</id_skill>
                                        <id_skill_reference>10310101202</id_skill_reference>
                                    </coreSkillReference>
                                </skillChoiceType>
                                <skillChoiceType>
                                    <coreSkillReference>
                                        <id_skill>3</id_skill>
                                        <id_skill_reference>10310101203</id_skill_reference>
                                    </coreSkillReference>
                                </skillChoiceType>
                                <skillChoiceType>
                                    <coreSkillReference>
                                        <id_skill>4</id_skill>
                                        <id_skill_reference>10310101204</id_skill_reference>
                                    </coreSkillReference>
                                </skillChoiceType>
                                <skillChoiceType>
                                    <coreSkillReference>
                                        <id_skill>5</id_skill>
                                        <id_skill_reference>10310101205</id_skill_reference>
                                    </coreSkillReference>
                                </skillChoiceType>
                                <skillChoiceType>
                                    <coreSkillReference>
                                        <id_skill>6</id_skill>
                                        <id_skill_reference>10310101206</id_skill_reference>
                                    </coreSkillReference>
                                </skillChoiceType>
                                <skillChoiceType>
                                    <coreSkillReference>
                                        <id_skill>7</id_skill>
                                        <id_skill_reference>10310101207</id_skill_reference>
                                    </coreSkillReference>
                                </skillChoiceType>
                                <skillChoiceType>
                                    <coreSkillReference>
                                        <id_skill>8</id_skill>
                                        <id_skill_reference>10310101208</id_skill_reference>
                                    </coreSkillReference>
                                </skillChoiceType>
                                <skillChoiceType>
                                    <coreSkillReference>
                                        <id_skill>9</id_skill>
                                        <id_skill_reference>10310101209</id_skill_reference>
                                    </coreSkillReference>
                                </skillChoiceType>
                            </skillChoiceArray>
                        </topicOnly>
                        <topicOnly>
                            <id_topic>12</id_topic>
                            <subject>InterPhysics</subject>
                            <name>Thermal Properties of Matter</name>
                            <published>true</published>
                            <derived>false</derived>
                            <skillChoiceArray>
                                <skillChoiceType>
                                    <skillOnly>
                                        <id_skill>1</id_skill>
                                        <name>Topic Tests - Thermal Properties of Matter</name>
                                        <description>Topic Tests - Thermal Properties of Matter</description>
                                    </skillOnly>
                                </skillChoiceType>
                                <skillChoiceType>
                                    <coreSkillReference>
                                        <id_skill>2</id_skill>
                                        <id_skill_reference>10310101302</id_skill_reference>
                                    </coreSkillReference>
                                </skillChoiceType>
                                <skillChoiceType>
                                    <coreSkillReference>
                                        <id_skill>3</id_skill>
                                        <id_skill_reference>10310101303</id_skill_reference>
                                    </coreSkillReference>
                                </skillChoiceType>
                                <skillChoiceType>
                                    <coreSkillReference>
                                        <id_skill>4</id_skill>
                                        <id_skill_reference>10310101304</id_skill_reference>
                                    </coreSkillReference>
                                </skillChoiceType>
                                <skillChoiceType>
                                    <coreSkillReference>
                                        <id_skill>5</id_skill>
                                        <id_skill_reference>10310101305</id_skill_reference>
                                    </coreSkillReference>
                                </skillChoiceType>
                                <skillChoiceType>
                                    <coreSkillReference>
                                        <id_skill>6</id_skill>
                                        <id_skill_reference>10310101306</id_skill_reference>
                                    </coreSkillReference>
                                </skillChoiceType>
                                <skillChoiceType>
                                    <coreSkillReference>
                                        <id_skill>7</id_skill>
                                        <id_skill_reference>10310101307</id_skill_reference>
                                    </coreSkillReference>
                                </skillChoiceType>
                                <skillChoiceType>
                                    <coreSkillReference>
                                        <id_skill>8</id_skill>
                                        <id_skill_reference>10310101308</id_skill_reference>
                                    </coreSkillReference>
                                </skillChoiceType>
                                <skillChoiceType>
                                    <coreSkillReference>
                                        <id_skill>9</id_skill>
                                        <id_skill_reference>10310101309</id_skill_reference>
                                    </coreSkillReference>
                                </skillChoiceType>
                            </skillChoiceArray>
                        </topicOnly>
                        <topicOnly>
                            <id_topic>13</id_topic>
                            <subject>InterPhysics</subject>
                            <name>Thermodynamics</name>
                            <published>true</published>
                            <derived>false</derived>
                            <skillChoiceArray>
                                <skillChoiceType>
                                    <skillOnly>
                                        <id_skill>1</id_skill>
                                        <name>Topic Tests - Thermodynamics</name>
                                        <description>Topic Tests - Thermodynamics</description>
                                    </skillOnly>
                                </skillChoiceType>
                                <skillChoiceType>
                                    <coreSkillReference>
                                        <id_skill>2</id_skill>
                                        <id_skill_reference>10310101402</id_skill_reference>
                                    </coreSkillReference>
                                </skillChoiceType>
                                <skillChoiceType>
                                    <coreSkillReference>
                                        <id_skill>3</id_skill>
                                        <id_skill_reference>10310101403</id_skill_reference>
                                    </coreSkillReference>
                                </skillChoiceType>
                                <skillChoiceType>
                                    <coreSkillReference>
                                        <id_skill>4</id_skill>
                                        <id_skill_reference>10310101404</id_skill_reference>
                                    </coreSkillReference>
                                </skillChoiceType>
                                <skillChoiceType>
                                    <coreSkillReference>
                                        <id_skill>5</id_skill>
                                        <id_skill_reference>10310101405</id_skill_reference>
                                    </coreSkillReference>
                                </skillChoiceType>
                                <skillChoiceType>
                                    <coreSkillReference>
                                        <id_skill>6</id_skill>
                                        <id_skill_reference>10310101406</id_skill_reference>
                                    </coreSkillReference>
                                </skillChoiceType>
                            </skillChoiceArray>
                        </topicOnly>
                        <topicOnly>
                            <id_topic>14</id_topic>
                            <subject>InterPhysics</subject>
                            <name>Kinetic Theory of Gases</name>
                            <published>true</published>
                            <derived>false</derived>
                            <skillChoiceArray>
                                <skillChoiceType>
                                    <skillOnly>
                                        <id_skill>1</id_skill>
                                        <name>Topic Tests - Kinetic theory of Gases</name>
                                        <description>Topic Tests - Kinetic theory of gases</description>
                                    </skillOnly>
                                </skillChoiceType>
                                <skillChoiceType>
                                    <coreSkillReference>
                                        <id_skill>2</id_skill>
                                        <id_skill_reference>10310101502</id_skill_reference>
                                    </coreSkillReference>
                                </skillChoiceType>
                                <skillChoiceType>
                                    <coreSkillReference>
                                        <id_skill>3</id_skill>
                                        <id_skill_reference>10310101503</id_skill_reference>
                                    </coreSkillReference>
                                </skillChoiceType>
                            </skillChoiceArray>
                        </topicOnly>
                    </topicOnlyArray>
                </levelOnly>
                <levelOnly>
                    <id_level>102</id_level>
                    <subject>InterPhysics</subject>
                    <subject_header>Intermediate Physics</subject_header>
                    <name><![CDATA[Physics Second Year]]></name>
                    <display_name><![CDATA[Physics Second Year]]></display_name>
                    <description><![CDATA[Physics preparation for EAMCET and IIT.  Second Year syllabus.]]></description>
                    <published>true</published>
                    <derived>false</derived>
                    <topicOnlyArray>
                        <topicOnly>
                            <id_topic>1</id_topic>
                            <subject>InterPhysics</subject>
                            <name>Waves</name>
                            <published>true</published>
                            <derived>false</derived>
                            <skillChoiceArray>
                                <skillChoiceType>
                                    <skillOnly>
                                        <id_skill>1</id_skill>
                                        <name>Topic Tests - waves</name>
                                        <description>Topic Tests - waves</description>
                                    </skillOnly>
                                </skillChoiceType>
                                <skillChoiceType>
                                    <coreSkillReference>
                                        <id_skill>2</id_skill>
                                        <id_skill_reference>10310200202</id_skill_reference>
                                    </coreSkillReference>
                                </skillChoiceType>
                                <skillChoiceType>
                                    <coreSkillReference>
                                        <id_skill>3</id_skill>
                                        <id_skill_reference>10310200203</id_skill_reference>
                                    </coreSkillReference>
                                </skillChoiceType>
                                <skillChoiceType>
                                    <coreSkillReference>
                                        <id_skill>4</id_skill>
                                        <id_skill_reference>10310200204</id_skill_reference>
                                    </coreSkillReference>
                                </skillChoiceType>
                                <skillChoiceType>
                                    <coreSkillReference>
                                        <id_skill>5</id_skill>
                                        <id_skill_reference>10310200205</id_skill_reference>
                                    </coreSkillReference>
                                </skillChoiceType>
                                <skillChoiceType>
                                    <coreSkillReference>
                                        <id_skill>6</id_skill>
                                        <id_skill_reference>10310200206</id_skill_reference>
                                    </coreSkillReference>
                                </skillChoiceType>
                                <skillChoiceType>
                                    <coreSkillReference>
                                        <id_skill>7</id_skill>
                                        <id_skill_reference>10310200207</id_skill_reference>
                                    </coreSkillReference>
                                </skillChoiceType>
                            </skillChoiceArray>
                        </topicOnly>
                        <topicOnly>
                            <id_topic>2</id_topic>
                            <subject>InterPhysics</subject>
                            <name>Ray Optics</name>
                            <published>true</published>
                            <derived>false</derived>
                            <skillChoiceArray>
                                <skillChoiceType>
                                    <skillOnly>
                                        <id_skill>1</id_skill>
                                        <name>Topic Tests - Ray Optics</name>
                                        <description>Topic Tests - Ray Optics</description>
                                    </skillOnly>
                                </skillChoiceType>
                                <skillChoiceType>
                                    <coreSkillReference>
                                        <id_skill>2</id_skill>
                                        <id_skill_reference>10310200302</id_skill_reference>
                                    </coreSkillReference>
                                </skillChoiceType>
                                <skillChoiceType>
                                    <coreSkillReference>
                                        <id_skill>3</id_skill>
                                        <id_skill_reference>10310200303</id_skill_reference>
                                    </coreSkillReference>
                                </skillChoiceType>
                                <skillChoiceType>
                                    <coreSkillReference>
                                        <id_skill>4</id_skill>
                                        <id_skill_reference>10310200304</id_skill_reference>
                                    </coreSkillReference>
                                </skillChoiceType>
                                <skillChoiceType>
                                    <coreSkillReference>
                                        <id_skill>5</id_skill>
                                        <id_skill_reference>10310200305</id_skill_reference>
                                    </coreSkillReference>
                                </skillChoiceType>
                                <skillChoiceType>
                                    <coreSkillReference>
                                        <id_skill>6</id_skill>
                                        <id_skill_reference>10310200306</id_skill_reference>
                                    </coreSkillReference>
                                </skillChoiceType>
                            </skillChoiceArray>
                        </topicOnly>
                        <topicOnly>
                            <id_topic>3</id_topic>
                            <subject>InterPhysics</subject>
                            <name>Wave Optics</name>
                            <published>true</published>
                            <derived>false</derived>
                            <skillChoiceArray>
                                <skillChoiceType>
                                    <skillOnly>
                                        <id_skill>1</id_skill>
                                        <name>Topic Tests - wave optics</name>
                                        <description>Topic Tests - wave optics</description>
                                    </skillOnly>
                                </skillChoiceType>
                                <skillChoiceType>
                                    <coreSkillReference>
                                        <id_skill>2</id_skill>
                                        <id_skill_reference>10310200402</id_skill_reference>
                                    </coreSkillReference>
                                </skillChoiceType>
                                <skillChoiceType>
                                    <coreSkillReference>
                                        <id_skill>3</id_skill>
                                        <id_skill_reference>10310200403</id_skill_reference>
                                    </coreSkillReference>
                                </skillChoiceType>
                                <skillChoiceType>
                                    <coreSkillReference>
                                        <id_skill>4</id_skill>
                                        <id_skill_reference>10310200404</id_skill_reference>
                                    </coreSkillReference>
                                </skillChoiceType>
                            </skillChoiceArray>
                        </topicOnly>
                        <topicOnly>
                            <id_topic>4</id_topic>
                            <subject>InterPhysics</subject>
                            <name>Electric Charges and Fields</name>
                            <published>true</published>
                            <derived>false</derived>
                            <skillChoiceArray>
                                <skillChoiceType>
                                    <skillOnly>
                                        <id_skill>1</id_skill>
                                        <name>Topic Tests - Electric Charges and Fields</name>
                                        <description>Topic Tests - Electric Charges and Fields</description>
                                    </skillOnly>
                                </skillChoiceType>
                                <skillChoiceType>
                                    <coreSkillReference>
                                        <id_skill>2</id_skill>
                                        <id_skill_reference>10310200502</id_skill_reference>
                                    </coreSkillReference>
                                </skillChoiceType>
                                <skillChoiceType>
                                    <coreSkillReference>
                                        <id_skill>3</id_skill>
                                        <id_skill_reference>10310200503</id_skill_reference>
                                    </coreSkillReference>
                                </skillChoiceType>
                                <skillChoiceType>
                                    <coreSkillReference>
                                        <id_skill>4</id_skill>
                                        <id_skill_reference>10310200504</id_skill_reference>
                                    </coreSkillReference>
                                </skillChoiceType>
                                <skillChoiceType>
                                    <coreSkillReference>
                                        <id_skill>5</id_skill>
                                        <id_skill_reference>10310200505</id_skill_reference>
                                    </coreSkillReference>
                                </skillChoiceType>
                            </skillChoiceArray>
                        </topicOnly>
                        <topicOnly>
                            <id_topic>5</id_topic>
                            <subject>InterPhysics</subject>
                            <name>Electrostatic Potential and Capacitance</name>
                            <published>true</published>
                            <derived>false</derived>
                            <skillChoiceArray>
                                <skillChoiceType>
                                    <skillOnly>
                                        <id_skill>1</id_skill>
                                        <name>Topic Tests - Electrostatic Potential and Capacitance</name>
                                        <description>Topic Tests - Electrostatic Potential and Capacitance</description>
                                    </skillOnly>
                                </skillChoiceType>
                                <skillChoiceType>
                                    <coreSkillReference>
                                        <id_skill>2</id_skill>
                                        <id_skill_reference>10310200602</id_skill_reference>
                                    </coreSkillReference>
                                </skillChoiceType>
                                <skillChoiceType>
                                    <coreSkillReference>
                                        <id_skill>3</id_skill>
                                        <id_skill_reference>10310200603</id_skill_reference>
                                    </coreSkillReference>
                                </skillChoiceType>
                            </skillChoiceArray>
                        </topicOnly>
                        <topicOnly>
                            <id_topic>6</id_topic>
                            <subject>InterPhysics</subject>
                            <name>Current Electricity</name>
                            <published>true</published>
                            <derived>false</derived>
                            <skillChoiceArray>
                                <skillChoiceType>
                                    <skillOnly>
                                        <id_skill>1</id_skill>
                                        <name>Topic Tests - Current Electricity</name>
                                        <description>Topic Tests - Current Electricity</description>
                                    </skillOnly>
                                </skillChoiceType>
                                <skillChoiceType>
                                    <coreSkillReference>
                                        <id_skill>2</id_skill>
                                        <id_skill_reference>10310200702</id_skill_reference>
                                    </coreSkillReference>
                                </skillChoiceType>
                                <skillChoiceType>
                                    <coreSkillReference>
                                        <id_skill>3</id_skill>
                                        <id_skill_reference>10310200703</id_skill_reference>
                                    </coreSkillReference>
                                </skillChoiceType>
                                <skillChoiceType>
                                    <coreSkillReference>
                                        <id_skill>4</id_skill>
                                        <id_skill_reference>10310200704</id_skill_reference>
                                    </coreSkillReference>
                                </skillChoiceType>
                                <skillChoiceType>
                                    <coreSkillReference>
                                        <id_skill>5</id_skill>
                                        <id_skill_reference>10310200705</id_skill_reference>
                                    </coreSkillReference>
                                </skillChoiceType>
                                <skillChoiceType>
                                    <coreSkillReference>
                                        <id_skill>6</id_skill>
                                        <id_skill_reference>10310200706</id_skill_reference>
                                    </coreSkillReference>
                                </skillChoiceType>
                                <skillChoiceType>
                                    <coreSkillReference>
                                        <id_skill>7</id_skill>
                                        <id_skill_reference>10310200707</id_skill_reference>
                                    </coreSkillReference>
                                </skillChoiceType>
                                <skillChoiceType>
                                    <coreSkillReference>
                                        <id_skill>8</id_skill>
                                        <id_skill_reference>10310200708</id_skill_reference>
                                    </coreSkillReference>
                                </skillChoiceType>
                            </skillChoiceArray>
                        </topicOnly>
                        <topicOnly>
                            <id_topic>7</id_topic>
                            <subject>InterPhysics</subject>
                            <name>Moving Charges and Magnetic Field</name>
                            <published>true</published>
                            <derived>false</derived>
                            <skillChoiceArray>
                                <skillChoiceType>
                                    <skillOnly>
                                        <id_skill>1</id_skill>
                                        <name>Topic Tests - Moving Charges and Magnetic Field</name>
                                        <description>Topic Tests - Moving Charges and Magnetic Field</description>
                                    </skillOnly>
                                </skillChoiceType>
                                <skillChoiceType>
                                    <coreSkillReference>
                                        <id_skill>2</id_skill>
                                        <id_skill_reference>10310200802</id_skill_reference>
                                    </coreSkillReference>
                                </skillChoiceType>
                                <skillChoiceType>
                                    <coreSkillReference>
                                        <id_skill>3</id_skill>
                                        <id_skill_reference>10310200803</id_skill_reference>
                                    </coreSkillReference>
                                </skillChoiceType>
                                <skillChoiceType>
                                    <coreSkillReference>
                                        <id_skill>4</id_skill>
                                        <id_skill_reference>10310200804</id_skill_reference>
                                    </coreSkillReference>
                                </skillChoiceType>
                                <skillChoiceType>
                                    <coreSkillReference>
                                        <id_skill>5</id_skill>
                                        <id_skill_reference>10310200805</id_skill_reference>
                                    </coreSkillReference>
                                </skillChoiceType>
                                <skillChoiceType>
                                    <coreSkillReference>
                                        <id_skill>6</id_skill>
                                        <id_skill_reference>10310200806</id_skill_reference>
                                    </coreSkillReference>
                                </skillChoiceType>
                            </skillChoiceArray>
                        </topicOnly>
                        <topicOnly>
                            <id_topic>8</id_topic>
                            <subject>InterPhysics</subject>
                            <name>Magnetism and Matter</name>
                            <published>true</published>
                            <derived>false</derived>
                            <skillChoiceArray>
                                <skillChoiceType>
                                    <skillOnly>
                                        <id_skill>1</id_skill>
                                        <name>Topic Tests - Magnetism and Matter</name>
                                        <description>Topic Tests - Magnetism and Matter</description>
                                    </skillOnly>
                                </skillChoiceType>
                                <skillChoiceType>
                                    <coreSkillReference>
                                        <id_skill>2</id_skill>
                                        <id_skill_reference>10310200902</id_skill_reference>
                                    </coreSkillReference>
                                </skillChoiceType>
                                <skillChoiceType>
                                    <coreSkillReference>
                                        <id_skill>3</id_skill>
                                        <id_skill_reference>10310200903</id_skill_reference>
                                    </coreSkillReference>
                                </skillChoiceType>
                                <skillChoiceType>
                                    <coreSkillReference>
                                        <id_skill>4</id_skill>
                                        <id_skill_reference>10310200904</id_skill_reference>
                                    </coreSkillReference>
                                </skillChoiceType>
                                <skillChoiceType>
                                    <coreSkillReference>
                                        <id_skill>5</id_skill>
                                        <id_skill_reference>10310200905</id_skill_reference>
                                    </coreSkillReference>
                                </skillChoiceType>
                                <skillChoiceType>
                                    <coreSkillReference>
                                        <id_skill>6</id_skill>
                                        <id_skill_reference>10310200906</id_skill_reference>
                                    </coreSkillReference>
                                </skillChoiceType>
                            </skillChoiceArray>
                        </topicOnly>
                        <topicOnly>
                            <id_topic>9</id_topic>
                            <subject>InterPhysics</subject>
                            <name>Electromagnetic Induction</name>
                            <published>true</published>
                            <derived>false</derived>
                            <skillChoiceArray>
                                <skillChoiceType>
                                    <skillOnly>
                                        <id_skill>1</id_skill>
                                        <name>Topic Tests - Electromagnetic Induction</name>
                                        <description>Topic Tests - Electromagnetic Induction</description>
                                    </skillOnly>
                                </skillChoiceType>
                                <skillChoiceType>
                                    <coreSkillReference>
                                        <id_skill>2</id_skill>
                                        <id_skill_reference>10310201002</id_skill_reference>
                                    </coreSkillReference>
                                </skillChoiceType>
                                <skillChoiceType>
                                    <coreSkillReference>
                                        <id_skill>3</id_skill>
                                        <id_skill_reference>10310201003</id_skill_reference>
                                    </coreSkillReference>
                                </skillChoiceType>
                                <skillChoiceType>
                                    <coreSkillReference>
                                        <id_skill>4</id_skill>
                                        <id_skill_reference>10310201004</id_skill_reference>
                                    </coreSkillReference>
                                </skillChoiceType>
                                <skillChoiceType>
                                    <coreSkillReference>
                                        <id_skill>5</id_skill>
                                        <id_skill_reference>10310201005</id_skill_reference>
                                    </coreSkillReference>
                                </skillChoiceType>
                            </skillChoiceArray>
                        </topicOnly>
                        <topicOnly>
                            <id_topic>10</id_topic>
                            <subject>InterPhysics</subject>
                            <name>Alternating Current</name>
                            <published>true</published>
                            <derived>false</derived>
                            <skillChoiceArray>
                                <skillChoiceType>
                                    <skillOnly>
                                        <id_skill>1</id_skill>
                                        <name>Topic Tests - Alternating Current</name>
                                        <description>Topic Tests - Alternating Current</description>
                                    </skillOnly>
                                </skillChoiceType>
                                <skillChoiceType>
                                    <coreSkillReference>
                                        <id_skill>2</id_skill>
                                        <id_skill_reference>10310201102</id_skill_reference>
                                    </coreSkillReference>
                                </skillChoiceType>
                            </skillChoiceArray>
                        </topicOnly>
                        <topicOnly>
                            <id_topic>11</id_topic>
                            <subject>InterPhysics</subject>
                            <name>Dual Nature of Radiation and Matter</name>
                            <published>true</published>
                            <derived>false</derived>
                            <skillChoiceArray>
                                <skillChoiceType>
                                    <skillOnly>
                                        <id_skill>1</id_skill>
                                        <name>Topic Tests - Dual Nature of Radiation and Matter</name>
                                        <description>Topic Tests - Dual Nature of Radiation and Matter</description>
                                    </skillOnly>
                                </skillChoiceType>
                                <skillChoiceType>
                                    <coreSkillReference>
                                        <id_skill>2</id_skill>
                                        <id_skill_reference>10310201202</id_skill_reference>
                                    </coreSkillReference>
                                </skillChoiceType>
                                <skillChoiceType>
                                    <coreSkillReference>
                                        <id_skill>3</id_skill>
                                        <id_skill_reference>10310201203</id_skill_reference>
                                    </coreSkillReference>
                                </skillChoiceType>
                                <skillChoiceType>
                                    <coreSkillReference>
                                        <id_skill>4</id_skill>
                                        <id_skill_reference>10310201204</id_skill_reference>
                                    </coreSkillReference>
                                </skillChoiceType>
                            </skillChoiceArray>
                        </topicOnly>
                        <topicOnly>
                            <id_topic>12</id_topic>
                            <subject>InterPhysics</subject>
                            <name>Atoms</name>
                            <published>true</published>
                            <derived>false</derived>
                            <skillChoiceArray>
                                <skillChoiceType>
                                    <skillOnly>
                                        <id_skill>1</id_skill>
                                        <name>Topic Tests - Atoms</name>
                                        <description>Topic Tests - Atoms</description>
                                    </skillOnly>
                                </skillChoiceType>
                                <skillChoiceType>
                                    <coreSkillReference>
                                        <id_skill>2</id_skill>
                                        <id_skill_reference>10310201302</id_skill_reference>
                                    </coreSkillReference>
                                </skillChoiceType>
                            </skillChoiceArray>
                        </topicOnly>
                        <topicOnly>
                            <id_topic>13</id_topic>
                            <subject>InterPhysics</subject>
                            <name>Atoms/Nuclei</name>
                            <published>true</published>
                            <derived>false</derived>
                            <skillChoiceArray>
                                <skillChoiceType>
                                    <skillOnly>
                                        <id_skill>1</id_skill>
                                        <name>Topic Tests - Atoms/Nuclei</name>
                                        <description>Topic Tests - Atoms/Nuclei</description>
                                    </skillOnly>
                                </skillChoiceType>
                                <skillChoiceType>
                                    <coreSkillReference>
                                        <id_skill>2</id_skill>
                                        <id_skill_reference>10310201402</id_skill_reference>
                                    </coreSkillReference>
                                </skillChoiceType>
                                <skillChoiceType>
                                    <coreSkillReference>
                                        <id_skill>3</id_skill>
                                        <id_skill_reference>10310201403</id_skill_reference>
                                    </coreSkillReference>
                                </skillChoiceType>
                            </skillChoiceArray>
                        </topicOnly>
                        <topicOnly>
                            <id_topic>14</id_topic>
                            <subject>InterPhysics</subject>
                            <name>Semiconductor Devices</name>
                            <published>true</published>
                            <derived>false</derived>
                            <skillChoiceArray>
                                <skillChoiceType>
                                    <skillOnly>
                                        <id_skill>1</id_skill>
                                        <name>Topic Tests - Semiconductor Devices</name>
                                        <description>Topic Tests - Semiconductor Devices</description>
                                    </skillOnly>
                                </skillChoiceType>
                                <skillChoiceType>
                                    <coreSkillReference>
                                        <id_skill>2</id_skill>
                                        <id_skill_reference>10310201502</id_skill_reference>
                                    </coreSkillReference>
                                </skillChoiceType>
                                <skillChoiceType>
                                    <coreSkillReference>
                                        <id_skill>3</id_skill>
                                        <id_skill_reference>10310201503</id_skill_reference>
                                    </coreSkillReference>
                                </skillChoiceType>
                                <skillChoiceType>
                                    <coreSkillReference>
                                        <id_skill>4</id_skill>
                                        <id_skill_reference>10310201504</id_skill_reference>
                                    </coreSkillReference>
                                </skillChoiceType>
                                <skillChoiceType>
                                    <coreSkillReference>
                                        <id_skill>5</id_skill>
                                        <id_skill_reference>10310201505</id_skill_reference>
                                    </coreSkillReference>
                                </skillChoiceType>
                            </skillChoiceArray>
                        </topicOnly>
                        <topicOnly>
                            <id_topic>15</id_topic>
                            <subject>InterPhysics</subject>
                            <name>Communication Systems</name>
                            <published>true</published>
                            <derived>false</derived>
                            <skillChoiceArray>
                                <skillChoiceType>
                                    <skillOnly>
                                        <id_skill>1</id_skill>
                                        <name>Topic Tests - Communication Systems</name>
                                        <description>Topic Tests - Communication Systems</description>
                                    </skillOnly>
                                </skillChoiceType>
                                <skillChoiceType>
                                    <coreSkillReference>
                                        <id_skill>2</id_skill>
                                        <id_skill_reference>10310201602</id_skill_reference>
                                    </coreSkillReference>
                                </skillChoiceType>
                                <skillChoiceType>
                                    <coreSkillReference>
                                        <id_skill>3</id_skill>
                                        <id_skill_reference>10310201603</id_skill_reference>
                                    </coreSkillReference>
                                </skillChoiceType>
                                <skillChoiceType>
                                    <coreSkillReference>
                                        <id_skill>4</id_skill>
                                        <id_skill_reference>10310201604</id_skill_reference>
                                    </coreSkillReference>
                                </skillChoiceType>
                                <skillChoiceType>
                                    <coreSkillReference>
                                        <id_skill>5</id_skill>
                                        <id_skill_reference>10310201605</id_skill_reference>
                                    </coreSkillReference>
                                </skillChoiceType>
                            </skillChoiceArray>
                        </topicOnly>
                    </topicOnlyArray>
                </levelOnly>
                <levelOnly>
                    <id_level>110</id_level>
                    <subject>InterPhysics</subject>
                    <subject_header>Intermediate Physics</subject_header>
                    <name>Mock Subject Exams</name>
                    <display_name>Mock Subject Exams</display_name>
                    <description>Physics Mock Exams for EAMCET and IIT</description>
                    <published>true</published>
                    <derived>false</derived>
                    <topicOnlyArray>
                        <topicOnly>
                            <id_topic>1</id_topic>
                            <subject>InterPhysics</subject>
                            <name>eTester IIT Physics Practice Exams</name>
                            <published>true</published>
                            <derived>false</derived>
                            <skillChoiceArray>
                                <skillChoiceType>
                                    <skillOnly>
                                        <id_skill>1</id_skill>
                                        <name>eTester IIT Physics Practice Exams</name>
                                        <description>eTester IIT Physics Practice Exams</description>
                                    </skillOnly>
                                </skillChoiceType>
                            </skillChoiceArray>
                        </topicOnly>
                        <topicOnly>
                            <id_topic>2</id_topic>
                            <subject>InterPhysics</subject>
                            <name>3rd Party IIT Physics Practice Exams</name>
                            <published>true</published>
                            <derived>false</derived>
                            <skillChoiceArray>
                                <skillChoiceType>
                                    <skillOnly>
                                        <id_skill>1</id_skill>
                                        <name>The Elite classes</name>
                                        <description>The Elite classes</description>
                                    </skillOnly>
                                </skillChoiceType>
                            </skillChoiceArray>
                        </topicOnly>
                        <topicOnly>
                            <id_topic>3</id_topic>
                            <subject>InterPhysics</subject>
                            <name>Core Physics Practice Exams</name>
                            <published>true</published>
                            <derived>false</derived>
                            <skillChoiceArray>
                                <skillChoiceType>
                                    <coreSkillReference>
                                        <id_skill>1</id_skill>
                                        <id_skill_reference>10310300101</id_skill_reference>
                                    </coreSkillReference>
                                </skillChoiceType>
                                <skillChoiceType>
                                    <coreSkillReference>
                                        <id_skill>2</id_skill>
                                        <id_skill_reference>10310300102</id_skill_reference>
                                    </coreSkillReference>
                                </skillChoiceType>
                                <skillChoiceType>
                                    <coreSkillReference>
                                        <id_skill>3</id_skill>
                                        <id_skill_reference>10310300201</id_skill_reference>
                                    </coreSkillReference>
                                </skillChoiceType>
                            </skillChoiceArray>
                        </topicOnly>
                    </topicOnlyArray>
                </levelOnly>
            </levelOnlyArray>
        </LoadLevelsOnlyRequest>
    </soapenv:Body>
</soapenv:Envelope>