<soapenv:Envelope xmlns:soapenv="http://schemas.xmlsoap.org/soap/envelope/" xmlns:rfl="http://www.rulefree.com/RfLoadDataSchema">
   <soapenv:Header />
   <soapenv:Body>
      <LoadLevelsOnlyRequest xmlns="http://www.rulefree.com/RfLoadDataSchema" xmlns:xsd="http://www.w3.org/2001/XMLSchema" xmlns:xsi="http://www.w3.org/2001/XMLSchema-instance" xsi:schemaLocation="http://www.rulefree.com/RfLoadDataSchema RfLoadDataSchema.xsd" reload="true" validateOnly="false">
         <id_system>133</id_system>
         <id_provider>0</id_provider>
         <levelOnlyArray>
            <levelOnly>
               <id_level>401</id_level>
               <subject>InterZoology</subject>
               <subject_header>Intermediate Zoology</subject_header>
               <name><![CDATA[Zoology First Year]]></name>
               <display_name><![CDATA[Zoology First Year]]></display_name>
               <description><![CDATA[Zoology preparation for EAMCET and IIT.  First Year syllabus.]]></description>
               <published>true</published>
               <derived>false</derived>
               <topicOnlyArray>
                  <topicOnly>
                     <id_topic>1</id_topic>
                     <subject>InterZoology</subject>
                     <name>Diversity of living world</name>
                     <published>true</published>
                     <derived>false</derived>
                     <skillChoiceArray>
                        <skillChoiceType>
                           <skillOnly>
                              <id_skill>1</id_skill>
                              <name>Topic Tests - Diversity of living world</name>
                              <description>Topic Tests - Diversity of living world</description>
                           </skillOnly>
                        </skillChoiceType>
                        <skillChoiceType>
                           <coreSkillReference>
                              <id_skill>2</id_skill>
                              <id_skill_reference>10340100202</id_skill_reference>
                           </coreSkillReference>
                        </skillChoiceType>
                        <skillChoiceType>
                           <coreSkillReference>
                              <id_skill>3</id_skill>
                              <id_skill_reference>10340100203</id_skill_reference>
                           </coreSkillReference>
                        </skillChoiceType>
                        <skillChoiceType>
                           <coreSkillReference>
                              <id_skill>4</id_skill>
                              <id_skill_reference>10340100204</id_skill_reference>
                           </coreSkillReference>
                        </skillChoiceType>
                        <skillChoiceType>
                           <coreSkillReference>
                              <id_skill>5</id_skill>
                              <id_skill_reference>10340100205</id_skill_reference>
                           </coreSkillReference>
                        </skillChoiceType>
                        <skillChoiceType>
                           <coreSkillReference>
                              <id_skill>6</id_skill>
                              <id_skill_reference>10340100206</id_skill_reference>
                           </coreSkillReference>
                        </skillChoiceType>
                        <skillChoiceType>
                           <coreSkillReference>
                              <id_skill>7</id_skill>
                              <id_skill_reference>10340100207</id_skill_reference>
                           </coreSkillReference>
                        </skillChoiceType>
                        <skillChoiceType>
                           <coreSkillReference>
                              <id_skill>8</id_skill>
                              <id_skill_reference>10340100208</id_skill_reference>
                           </coreSkillReference>
                        </skillChoiceType>
                        <skillChoiceType>
                           <coreSkillReference>
                              <id_skill>9</id_skill>
                              <id_skill_reference>10340100209</id_skill_reference>
                           </coreSkillReference>
                        </skillChoiceType>
                        <skillChoiceType>
                           <coreSkillReference>
                              <id_skill>10</id_skill>
                              <id_skill_reference>10340100210</id_skill_reference>
                           </coreSkillReference>
                        </skillChoiceType>
                     </skillChoiceArray>
                  </topicOnly>
                  <topicOnly>
                     <id_topic>2</id_topic>
                     <subject>InterZoology</subject>
                     <name>Structural organisation in Animalia</name>
                     <published>true</published>
                     <derived>false</derived>
                     <skillChoiceArray>
                        <skillChoiceType>
                           <skillOnly>
                              <id_skill>1</id_skill>
                              <name>Topic Tests - Structural organisation in Animalia</name>
                              <description>Topic Tests - Structural organisation in Animalia</description>
                           </skillOnly>
                        </skillChoiceType>
                        <skillChoiceType>
                           <coreSkillReference>
                              <id_skill>2</id_skill>
                              <id_skill_reference>10340100302</id_skill_reference>
                           </coreSkillReference>
                        </skillChoiceType>
                        <skillChoiceType>
                           <coreSkillReference>
                              <id_skill>3</id_skill>
                              <id_skill_reference>10340100303</id_skill_reference>
                           </coreSkillReference>
                        </skillChoiceType>
                        <skillChoiceType>
                           <coreSkillReference>
                              <id_skill>4</id_skill>
                              <id_skill_reference>10340100304</id_skill_reference>
                           </coreSkillReference>
                        </skillChoiceType>
                        <skillChoiceType>
                           <coreSkillReference>
                              <id_skill>5</id_skill>
                              <id_skill_reference>10340100305</id_skill_reference>
                           </coreSkillReference>
                        </skillChoiceType>
                     </skillChoiceArray>
                  </topicOnly>
                  <topicOnly>
                     <id_topic>3</id_topic>
                     <subject>InterZoology</subject>
                     <name>Animal Diversity-01 (Invertebrate phyla)</name>
                     <published>true</published>
                     <derived>false</derived>
                     <skillChoiceArray>
                        <skillChoiceType>
                           <skillOnly>
                              <id_skill>1</id_skill>
                              <name>Topic Tests - Animal Diversity-01 (Invertebrate phyla)</name>
                              <description>Topic Tests - Animal Diversity-01 (Invertebrate phyla)</description>
                           </skillOnly>
                        </skillChoiceType>
                        <skillChoiceType>
                           <coreSkillReference>
                              <id_skill>2</id_skill>
                              <id_skill_reference>10340100402</id_skill_reference>
                           </coreSkillReference>
                        </skillChoiceType>
                        <skillChoiceType>
                           <coreSkillReference>
                              <id_skill>3</id_skill>
                              <id_skill_reference>10340100403</id_skill_reference>
                           </coreSkillReference>
                        </skillChoiceType>
                        <skillChoiceType>
                           <coreSkillReference>
                              <id_skill>4</id_skill>
                              <id_skill_reference>10340100404</id_skill_reference>
                           </coreSkillReference>
                        </skillChoiceType>
                        <skillChoiceType>
                           <coreSkillReference>
                              <id_skill>5</id_skill>
                              <id_skill_reference>10340100405</id_skill_reference>
                           </coreSkillReference>
                        </skillChoiceType>
                        <skillChoiceType>
                           <coreSkillReference>
                              <id_skill>6</id_skill>
                              <id_skill_reference>10340100406</id_skill_reference>
                           </coreSkillReference>
                        </skillChoiceType>
                        <skillChoiceType>
                           <coreSkillReference>
                              <id_skill>7</id_skill>
                              <id_skill_reference>10340100407</id_skill_reference>
                           </coreSkillReference>
                        </skillChoiceType>
                        <skillChoiceType>
                           <coreSkillReference>
                              <id_skill>8</id_skill>
                              <id_skill_reference>10340100408</id_skill_reference>
                           </coreSkillReference>
                        </skillChoiceType>
                        <skillChoiceType>
                           <coreSkillReference>
                              <id_skill>9</id_skill>
                              <id_skill_reference>10340100409</id_skill_reference>
                           </coreSkillReference>
                        </skillChoiceType>
                        <skillChoiceType>
                           <coreSkillReference>
                              <id_skill>10</id_skill>
                              <id_skill_reference>10340100410</id_skill_reference>
                           </coreSkillReference>
                        </skillChoiceType>
                        <skillChoiceType>
                           <coreSkillReference>
                              <id_skill>11</id_skill>
                              <id_skill_reference>10340100411</id_skill_reference>
                           </coreSkillReference>
                        </skillChoiceType>
                     </skillChoiceArray>
                  </topicOnly>
                  <topicOnly>
                     <id_topic>4</id_topic>
                     <subject>InterZoology</subject>
                     <name>Animal Diversity-02 (Chordata phylum)</name>
                     <published>true</published>
                     <derived>false</derived>
                     <skillChoiceArray>
                        <skillChoiceType>
                           <skillOnly>
                              <id_skill>1</id_skill>
                              <name>Topic Tests - Animal Diversity-02 (Chordata phylum)</name>
                              <description>Topic Tests - Animal Diversity-02 (Chordata phylum)</description>
                           </skillOnly>
                        </skillChoiceType>
                        <skillChoiceType>
                           <coreSkillReference>
                              <id_skill>2</id_skill>
                              <id_skill_reference>10340100502</id_skill_reference>
                           </coreSkillReference>
                        </skillChoiceType>
                        <skillChoiceType>
                           <coreSkillReference>
                              <id_skill>3</id_skill>
                              <id_skill_reference>10340100503</id_skill_reference>
                           </coreSkillReference>
                        </skillChoiceType>
                        <skillChoiceType>
                           <coreSkillReference>
                              <id_skill>4</id_skill>
                              <id_skill_reference>10340100504</id_skill_reference>
                           </coreSkillReference>
                        </skillChoiceType>
                        <skillChoiceType>
                           <coreSkillReference>
                              <id_skill>5</id_skill>
                              <id_skill_reference>10340100505</id_skill_reference>
                           </coreSkillReference>
                        </skillChoiceType>
                        <skillChoiceType>
                           <coreSkillReference>
                              <id_skill>6</id_skill>
                              <id_skill_reference>10340100506</id_skill_reference>
                           </coreSkillReference>
                        </skillChoiceType>
                        <skillChoiceType>
                           <coreSkillReference>
                              <id_skill>7</id_skill>
                              <id_skill_reference>10340100507</id_skill_reference>
                           </coreSkillReference>
                        </skillChoiceType>
                        <skillChoiceType>
                           <coreSkillReference>
                              <id_skill>8</id_skill>
                              <id_skill_reference>10340100508</id_skill_reference>
                           </coreSkillReference>
                        </skillChoiceType>
                        <skillChoiceType>
                           <coreSkillReference>
                              <id_skill>9</id_skill>
                              <id_skill_reference>10340100509</id_skill_reference>
                           </coreSkillReference>
                        </skillChoiceType>
                        <skillChoiceType>
                           <coreSkillReference>
                              <id_skill>10</id_skill>
                              <id_skill_reference>10340100510</id_skill_reference>
                           </coreSkillReference>
                        </skillChoiceType>
                        <skillChoiceType>
                           <coreSkillReference>
                              <id_skill>11</id_skill>
                              <id_skill_reference>10340100511</id_skill_reference>
                           </coreSkillReference>
                        </skillChoiceType>
                     </skillChoiceArray>
                  </topicOnly>
                  <topicOnly>
                     <id_topic>5</id_topic>
                     <subject>InterZoology</subject>
                     <name>Locomotion and Reproduction</name>
                     <published>true</published>
                     <derived>false</derived>
                     <skillChoiceArray>
                        <skillChoiceType>
                           <skillOnly>
                              <id_skill>1</id_skill>
                              <name>Topic Tests - Locomotion and Reproduction</name>
                              <description>Topic Tests - Locomotion and Reproduction</description>
                           </skillOnly>
                        </skillChoiceType>
                        <skillChoiceType>
                           <coreSkillReference>
                              <id_skill>2</id_skill>
                              <id_skill_reference>10340100602</id_skill_reference>
                           </coreSkillReference>
                        </skillChoiceType>
                        <skillChoiceType>
                           <coreSkillReference>
                              <id_skill>3</id_skill>
                              <id_skill_reference>10340100603</id_skill_reference>
                           </coreSkillReference>
                        </skillChoiceType>
                        <skillChoiceType>
                           <coreSkillReference>
                              <id_skill>4</id_skill>
                              <id_skill_reference>10340100604</id_skill_reference>
                           </coreSkillReference>
                        </skillChoiceType>
                        <skillChoiceType>
                           <coreSkillReference>
                              <id_skill>5</id_skill>
                              <id_skill_reference>10340100605</id_skill_reference>
                           </coreSkillReference>
                        </skillChoiceType>
                     </skillChoiceArray>
                  </topicOnly>
                  <topicOnly>
                     <id_topic>6</id_topic>
                     <subject>InterZoology</subject>
                     <name>Biology in Human welfare</name>
                     <published>true</published>
                     <derived>false</derived>
                     <skillChoiceArray>
                        <skillChoiceType>
                           <skillOnly>
                              <id_skill>1</id_skill>
                              <name>Topic Tests - Biology in Human welfare</name>
                              <description>Topic Tests - Biology in Human welfare</description>
                           </skillOnly>
                        </skillChoiceType>
                        <skillChoiceType>
                           <coreSkillReference>
                              <id_skill>2</id_skill>
                              <id_skill_reference>10340100702</id_skill_reference>
                           </coreSkillReference>
                        </skillChoiceType>
                        <skillChoiceType>
                           <coreSkillReference>
                              <id_skill>3</id_skill>
                              <id_skill_reference>10340100703</id_skill_reference>
                           </coreSkillReference>
                        </skillChoiceType>
                        <skillChoiceType>
                           <coreSkillReference>
                              <id_skill>4</id_skill>
                              <id_skill_reference>10340100704</id_skill_reference>
                           </coreSkillReference>
                        </skillChoiceType>
                        <skillChoiceType>
                           <coreSkillReference>
                              <id_skill>5</id_skill>
                              <id_skill_reference>10340100705</id_skill_reference>
                           </coreSkillReference>
                        </skillChoiceType>
                     </skillChoiceArray>
                  </topicOnly>
                  <topicOnly>
                     <id_topic>7</id_topic>
                     <subject>InterZoology</subject>
                     <name>Periplaneta Americana (Cokroach)</name>
                     <published>true</published>
                     <derived>false</derived>
                     <skillChoiceArray>
                        <skillChoiceType>
                           <skillOnly>
                              <id_skill>1</id_skill>
                              <name>Topic Tests - Periplaneta Americana (Cokroach)</name>
                              <description>Topic Tests - Periplaneta Americana (Cokroach)</description>
                           </skillOnly>
                        </skillChoiceType>
                        <skillChoiceType>
                           <coreSkillReference>
                              <id_skill>2</id_skill>
                              <id_skill_reference>10340100802</id_skill_reference>
                           </coreSkillReference>
                        </skillChoiceType>
                        <skillChoiceType>
                           <coreSkillReference>
                              <id_skill>3</id_skill>
                              <id_skill_reference>10340100803</id_skill_reference>
                           </coreSkillReference>
                        </skillChoiceType>
                        <skillChoiceType>
                           <coreSkillReference>
                              <id_skill>4</id_skill>
                              <id_skill_reference>10340100804</id_skill_reference>
                           </coreSkillReference>
                        </skillChoiceType>
                        <skillChoiceType>
                           <coreSkillReference>
                              <id_skill>5</id_skill>
                              <id_skill_reference>10340100805</id_skill_reference>
                           </coreSkillReference>
                        </skillChoiceType>
                        <skillChoiceType>
                           <coreSkillReference>
                              <id_skill>6</id_skill>
                              <id_skill_reference>10340100806</id_skill_reference>
                           </coreSkillReference>
                        </skillChoiceType>
                        <skillChoiceType>
                           <coreSkillReference>
                              <id_skill>7</id_skill>
                              <id_skill_reference>10340100807</id_skill_reference>
                           </coreSkillReference>
                        </skillChoiceType>
                        <skillChoiceType>
                           <coreSkillReference>
                              <id_skill>8</id_skill>
                              <id_skill_reference>10340100808</id_skill_reference>
                           </coreSkillReference>
                        </skillChoiceType>
                        <skillChoiceType>
                           <coreSkillReference>
                              <id_skill>9</id_skill>
                              <id_skill_reference>10340100809</id_skill_reference>
                           </coreSkillReference>
                        </skillChoiceType>
                        <skillChoiceType>
                           <coreSkillReference>
                              <id_skill>10</id_skill>
                              <id_skill_reference>10340100810</id_skill_reference>
                           </coreSkillReference>
                        </skillChoiceType>
                     </skillChoiceArray>
                  </topicOnly>
                  <topicOnly>
                     <id_topic>8</id_topic>
                     <subject>InterZoology</subject>
                     <name>Ecology and Environment</name>
                     <published>true</published>
                     <derived>false</derived>
                     <skillChoiceArray>
                        <skillChoiceType>
                           <skillOnly>
                              <id_skill>1</id_skill>
                              <name>Topic Tests - Ecology and Environment</name>
                              <description>Topic Tests - Ecology and Environment</description>
                           </skillOnly>
                        </skillChoiceType>
                        <skillChoiceType>
                           <coreSkillReference>
                              <id_skill>2</id_skill>
                              <id_skill_reference>10340100902</id_skill_reference>
                           </coreSkillReference>
                        </skillChoiceType>
                        <skillChoiceType>
                           <coreSkillReference>
                              <id_skill>3</id_skill>
                              <id_skill_reference>10340100903</id_skill_reference>
                           </coreSkillReference>
                        </skillChoiceType>
                        <skillChoiceType>
                           <coreSkillReference>
                              <id_skill>4</id_skill>
                              <id_skill_reference>10340100904</id_skill_reference>
                           </coreSkillReference>
                        </skillChoiceType>
                        <skillChoiceType>
                           <coreSkillReference>
                              <id_skill>5</id_skill>
                              <id_skill_reference>10340100905</id_skill_reference>
                           </coreSkillReference>
                        </skillChoiceType>
                        <skillChoiceType>
                           <coreSkillReference>
                              <id_skill>6</id_skill>
                              <id_skill_reference>10340100906</id_skill_reference>
                           </coreSkillReference>
                        </skillChoiceType>
                        <skillChoiceType>
                           <coreSkillReference>
                              <id_skill>7</id_skill>
                              <id_skill_reference>10340100907</id_skill_reference>
                           </coreSkillReference>
                        </skillChoiceType>
                        <skillChoiceType>
                           <coreSkillReference>
                              <id_skill>8</id_skill>
                              <id_skill_reference>10340100908</id_skill_reference>
                           </coreSkillReference>
                        </skillChoiceType>
                        <skillChoiceType>
                           <coreSkillReference>
                              <id_skill>9</id_skill>
                              <id_skill_reference>10340100909</id_skill_reference>
                           </coreSkillReference>
                        </skillChoiceType>
                     </skillChoiceArray>
                  </topicOnly>
               </topicOnlyArray>
            </levelOnly>
            <levelOnly>
               <id_level>402</id_level>
               <subject>InterZoology</subject>
               <subject_header>Intermediate Zoology</subject_header>
               <name><![CDATA[Zoology Second Year]]></name>
               <display_name><![CDATA[Zoology Second Year]]></display_name>
               <description><![CDATA[Zoology preparation for EAMCET and IIT.  Second Year syllabus.]]></description>
               <published>true</published>
               <derived>false</derived>
               <topicOnlyArray>
                  <topicOnly>
                     <id_topic>1</id_topic>
                     <subject>InterZoology</subject>
                     <name><![CDATA[Human Anatomy & Physiology - I]]></name>
                     <published>true</published>
                     <derived>false</derived>
                     <skillChoiceArray>
                        <skillChoiceType>
                           <skillOnly>
                              <id_skill>1</id_skill>
                              <name><![CDATA[Topic Tests - Human Anatomy & Physiology - I]]></name>
                              <description><![CDATA[Topic Tests - Human Anatomy & Physiology - I]]></description>
                           </skillOnly>
                        </skillChoiceType>
                        <skillChoiceType>
                           <coreSkillReference>
                              <id_skill>2</id_skill>
                              <id_skill_reference>10340200202</id_skill_reference>
                           </coreSkillReference>
                        </skillChoiceType>
                        <skillChoiceType>
                           <coreSkillReference>
                              <id_skill>3</id_skill>
                              <id_skill_reference>10340200203</id_skill_reference>
                           </coreSkillReference>
                        </skillChoiceType>
                     </skillChoiceArray>
                  </topicOnly>
                  <topicOnly>
                     <id_topic>2</id_topic>
                     <subject>InterZoology</subject>
                     <name><![CDATA[Human Anatomy & Physiology - II]]></name>
                     <published>true</published>
                     <derived>false</derived>
                     <skillChoiceArray>
                        <skillChoiceType>
                           <skillOnly>
                              <id_skill>1</id_skill>
                              <name><![CDATA[Topic Tests - Human Anatomy & Physiology - II]]></name>
                              <description><![CDATA[Topic Tests - Human Anatomy & Physiology - II]]></description>
                           </skillOnly>
                        </skillChoiceType>
                        <skillChoiceType>
                           <coreSkillReference>
                              <id_skill>2</id_skill>
                              <id_skill_reference>10340200301</id_skill_reference>
                           </coreSkillReference>
                        </skillChoiceType>
                        <skillChoiceType>
                           <coreSkillReference>
                              <id_skill>3</id_skill>
                              <id_skill_reference>10340200301</id_skill_reference>
                           </coreSkillReference>
                        </skillChoiceType>
                     </skillChoiceArray>
                  </topicOnly>
                  <topicOnly>
                     <id_topic>3</id_topic>
                     <subject>InterZoology</subject>
                     <name><![CDATA[Human Anatomy & Physiology - III]]></name>
                     <published>true</published>
                     <derived>false</derived>
                     <skillChoiceArray>
                        <skillChoiceType>
                           <skillOnly>
                              <id_skill>1</id_skill>
                              <name><![CDATA[Topic Tests - Human Anatomy & Physiology - III]]></name>
                              <description><![CDATA[Topic Tests - Human Anatomy & Physiology - III]]></description>
                           </skillOnly>
                        </skillChoiceType>
                        <skillChoiceType>
                           <coreSkillReference>
                              <id_skill>2</id_skill>
                              <id_skill_reference>10340200402</id_skill_reference>
                           </coreSkillReference>
                        </skillChoiceType>
                        <skillChoiceType>
                           <coreSkillReference>
                              <id_skill>3</id_skill>
                              <id_skill_reference>10340200403</id_skill_reference>
                           </coreSkillReference>
                        </skillChoiceType>
                     </skillChoiceArray>
                  </topicOnly>
                  <topicOnly>
                     <id_topic>4</id_topic>
                     <subject>InterZoology</subject>
                     <name><![CDATA[Human Anatomy & Physiology - IV]]></name>
                     <published>true</published>
                     <derived>false</derived>
                     <skillChoiceArray>
                        <skillChoiceType>
                           <skillOnly>
                              <id_skill>1</id_skill>
                              <name><![CDATA[Topic Tests - Human Anatomy & Physiology - IV]]></name>
                              <description><![CDATA[Topic Tests - Human Anatomy & Physiology - IV]]></description>
                           </skillOnly>
                        </skillChoiceType>
                        <skillChoiceType>
                           <coreSkillReference>
                              <id_skill>2</id_skill>
                              <id_skill_reference>10340200502</id_skill_reference>
                           </coreSkillReference>
                        </skillChoiceType>
                        <skillChoiceType>
                           <coreSkillReference>
                              <id_skill>3</id_skill>
                              <id_skill_reference>10340200503</id_skill_reference>
                           </coreSkillReference>
                        </skillChoiceType>
                     </skillChoiceArray>
                  </topicOnly>
                  <topicOnly>
                     <id_topic>5</id_topic>
                     <subject>InterZoology</subject>
                     <name>Human Reproduction</name>
                     <published>true</published>
                     <derived>false</derived>
                     <skillChoiceArray>
                        <skillChoiceType>
                           <skillOnly>
                              <id_skill>1</id_skill>
                              <name>Topic Tests - Human Reproduction</name>
                              <description>Topic Tests - Human Reproduction</description>
                           </skillOnly>
                        </skillChoiceType>
                        <skillChoiceType>
                           <coreSkillReference>
                              <id_skill>2</id_skill>
                              <id_skill_reference>10340200602</id_skill_reference>
                           </coreSkillReference>
                        </skillChoiceType>
                        <skillChoiceType>
                           <coreSkillReference>
                              <id_skill>3</id_skill>
                              <id_skill_reference>10340200603</id_skill_reference>
                           </coreSkillReference>
                        </skillChoiceType>
                     </skillChoiceArray>
                  </topicOnly>
                  <topicOnly>
                     <id_topic>6</id_topic>
                     <subject>InterZoology</subject>
                     <name>Genetics</name>
                     <published>true</published>
                     <derived>false</derived>
                     <skillChoiceArray>
                        <skillChoiceType>
                           <skillOnly>
                              <id_skill>1</id_skill>
                              <name>Topic Tests - Genetics</name>
                              <description>Topic Tests - Genetics</description>
                           </skillOnly>
                        </skillChoiceType>
                        <skillChoiceType>
                           <coreSkillReference>
                              <id_skill>2</id_skill>
                              <id_skill_reference>10340200702</id_skill_reference>
                           </coreSkillReference>
                        </skillChoiceType>
                     </skillChoiceArray>
                  </topicOnly>
                  <topicOnly>
                     <id_topic>7</id_topic>
                     <subject>InterZoology</subject>
                     <name>Organic Evolution</name>
                     <published>true</published>
                     <derived>false</derived>
                     <skillChoiceArray>
                        <skillChoiceType>
                           <skillOnly>
                              <id_skill>1</id_skill>
                              <name>Topic Tests - Organic Evolution</name>
                              <description>Topic Tests - Organic Evolution</description>
                           </skillOnly>
                        </skillChoiceType>
                        <skillChoiceType>
                           <coreSkillReference>
                              <id_skill>2</id_skill>
                              <id_skill_reference>10340200802</id_skill_reference>
                           </coreSkillReference>
                        </skillChoiceType>
                     </skillChoiceArray>
                  </topicOnly>
                  <topicOnly>
                     <id_topic>8</id_topic>
                     <subject>InterZoology</subject>
                     <name>Applied Biology</name>
                     <published>true</published>
                     <derived>false</derived>
                     <skillChoiceArray>
                        <skillChoiceType>
                           <skillOnly>
                              <id_skill>1</id_skill>
                              <name>Topic Tests - Applied Biology</name>
                              <description>Topic Tests - Applied Biology</description>
                           </skillOnly>
                        </skillChoiceType>
                        <skillChoiceType>
                           <coreSkillReference>
                              <id_skill>2</id_skill>
                              <id_skill_reference>10340200902</id_skill_reference>
                           </coreSkillReference>
                        </skillChoiceType>
                     </skillChoiceArray>
                  </topicOnly>
               </topicOnlyArray>
            </levelOnly>
            <levelOnly>
               <id_level>410</id_level>
               <subject>InterZoology</subject>
               <subject_header>Intermediate Zoology</subject_header>
               <name>Mock Exams</name>
               <display_name>Mock Exams</display_name>
               <description>Zoology Mock Exams for EAMCET</description>
               <published>true</published>
               <derived>false</derived>
               <topicOnlyArray>
                  <topicOnly>
                     <id_topic>1</id_topic>
                     <subject>InterChemistry</subject>
                     <name>eTester EAMCET Zoology Practice Exams</name>
                     <published>true</published>
                     <derived>false</derived>
                     <skillChoiceArray>
                        <skillChoiceType>
                           <skillOnly>
                              <id_skill>1</id_skill>
                              <name>eTester EAMCET Zoology Practice Exams</name>
                              <description>eTester EAMCET Zoology Practice Exams</description>
                           </skillOnly>
                        </skillChoiceType>
                     </skillChoiceArray>
                  </topicOnly>
                  <topicOnly>
                     <id_topic>2</id_topic>
                     <subject>InterChemistry</subject>
                     <name>3rd Party EAMCET Zoology Practice Exams</name>
                     <published>true</published>
                     <derived>false</derived>
                     <skillChoiceArray>
                        <skillChoiceType>
                           <skillOnly>
                              <id_skill>1</id_skill>
                              <name>The Elite classes</name>
                              <description>The Elite classes</description>
                           </skillOnly>
                        </skillChoiceType>
                     </skillChoiceArray>
                  </topicOnly>
                  <topicOnly>
                     <id_topic>3</id_topic>
                     <subject>InterZoology</subject>
                     <name>Core Zoology Practice Exams</name>
                     <published>true</published>
                     <derived>false</derived>
                     <skillChoiceArray>
                        <skillChoiceType>
                           <coreSkillReference>
                              <id_skill>1</id_skill>
                              <id_skill_reference>10340300101</id_skill_reference>
                           </coreSkillReference>
                        </skillChoiceType>
                        <skillChoiceType>
                           <coreSkillReference>
                              <id_skill>2</id_skill>
                              <id_skill_reference>10340300102</id_skill_reference>
                           </coreSkillReference>
                        </skillChoiceType>
                     </skillChoiceArray>
                  </topicOnly>
               </topicOnlyArray>
            </levelOnly>
         </levelOnlyArray>
      </LoadLevelsOnlyRequest>
   </soapenv:Body>
</soapenv:Envelope>